experiment_id,iteration,generation,total_population_episodes,score,learning_rate,batch_size,gamma,epsilon,wall_time,episodes_to_solve
PB2_LUNARLANDER_4,1,1,160,-54.7203408324001,0.00397258645075464,34,0.931002310827459,0.826294457481686,14.6323757171631,
PB2_LUNARLANDER_4,1,2,320,-121.444044824833,0.00397258645075464,34,0.931002310827459,0.826294457481686,44.7134246826172,
PB2_LUNARLANDER_4,1,3,480,33.3618695024217,0.01,251,0.999,0.01,107.526074647903,
PB2_LUNARLANDER_4,1,4,640,44.2004061349556,0.01,251,0.999,0.01,193.002729415894,
PB2_LUNARLANDER_4,1,5,800,219.466512251024,0.01,251,0.999,0.01,275.34437251091,800
PB2_LUNARLANDER_4,2,1,160,-11.0774890345163,0.00814463740058038,414,0.976393727871357,0.779290762373022,21.5220937728882,
PB2_LUNARLANDER_4,2,2,320,-45.4388114545114,0.00170369304934055,725,0.809807955206628,0.248493254348008,54.6731245517731,
PB2_LUNARLANDER_4,2,3,480,7.37064361397864,0.00146081321269218,623,0.828549668969081,0.111538598606488,134.489713907242,
PB2_LUNARLANDER_4,2,4,640,103.209528456893,0.000100000112283707,16,0.998999998950018,1,215.85893702507,
PB2_LUNARLANDER_4,2,5,800,61.2956001754401,0.00146081321269218,623,0.828549668969081,0.111538598606488,274.758327484131,
PB2_LUNARLANDER_4,2,6,960,44.212205574229,0.00807459034436758,899,0.827024509410502,0.287504074872672,361.400921583176,
PB2_LUNARLANDER_4,2,7,1120,-27.203097849894,0.00807459034436758,899,0.827024509410502,0.287504074872672,404.57590341568,
PB2_LUNARLANDER_4,2,8,1280,80.7086499498491,0.00146081321269218,623,0.828549668969081,0.111538598606488,476.590941905975,
PB2_LUNARLANDER_4,2,9,1440,103.654943229066,0.0001,16,0.999,0.01,548.696849822998,
PB2_LUNARLANDER_4,2,10,1600,5.02324031731317,0.0001,16,0.8,1,613.642058610916,
PB2_LUNARLANDER_4,2,11,1760,-7.1203730917183,0.0001,16,0.999,0.01,665.698902606964,
PB2_LUNARLANDER_4,2,12,1920,-48.2611896208789,0.0001,16,0.999,0.01,719.603744983673,
PB2_LUNARLANDER_4,2,13,2080,-16.5702605194799,0.0001,437,0.8,0.01,764.576222896576,
PB2_LUNARLANDER_4,2,14,2240,-10.2887917298699,0.0071187630086394,1024,0.968170814749951,0.739653038898282,800.445609092712,
PB2_LUNARLANDER_4,2,15,2400,1.31322101319702,0.0072467364090402,992,0.984408798702009,0.998527042804078,835.681135177612,
PB2_LUNARLANDER_4,2,16,2560,141.488195565969,0.0071187630086394,1024,0.968170814749951,0.739653038898282,889.382548093796,
PB2_LUNARLANDER_4,2,17,2720,139.161121166391,0.00010000790164224,1024,0.998999836602365,0.327387977885272,933.180663108826,
PB2_LUNARLANDER_4,2,18,2880,204.225694014177,0.00736703064053794,816,0.981032042146808,0.459887026300145,988.44938826561,2880
PB2_LUNARLANDER_4,3,1,160,-94.6344553993472,0.0078734519439722,548,0.949078925858433,0.153240743141887,16.5977792739868,
PB2_LUNARLANDER_4,3,2,320,-73.1159872876419,0.00180078856462103,514,0.930072302790195,0.559667897643024,52.4089670181274,
PB2_LUNARLANDER_4,3,3,480,16.2723441069998,0.00446314605601676,972,0.810828776455299,0.274117048025221,90.1386332511902,
PB2_LUNARLANDER_4,3,4,640,13.9915582367591,0.00446314605601676,972,0.810828776455299,0.274117048025221,149.11132645607,
PB2_LUNARLANDER_4,3,5,800,68.49475317122,0.0001,1024,0.999,0.01,213.450518846512,
PB2_LUNARLANDER_4,3,6,960,211.394739157303,0.01,1024,0.999,0.01,319.816205739975,960
PB2_LUNARLANDER_4,4,1,160,-131.269124561356,0.00276063071767531,45,0.830431557285497,0.0763836433487823,12.4584052562714,
PB2_LUNARLANDER_4,4,2,320,-29.2121943082062,0.00276063071767531,45,0.830431557285497,0.0763836433487823,63.7885012626648,
PB2_LUNARLANDER_4,4,3,480,-16.2426057380522,0.0001,1024,0.8,0.01,117.514269828796,
PB2_LUNARLANDER_4,4,4,640,5.24989922231044,0.0001,1024,0.8,0.01,170.170927286148,
PB2_LUNARLANDER_4,4,5,800,-64.9675410621153,0.0001,1024,0.8,0.01,234.957195997238,
PB2_LUNARLANDER_4,4,6,960,42.2933412748448,0.0001,1024,0.8,0.01,331.704886436462,
PB2_LUNARLANDER_4,4,7,1120,109.367066209749,0.0001,1024,0.999,0.01,420.812338352203,
PB2_LUNARLANDER_4,4,8,1280,41.6958738752245,0.0001,1024,0.8,0.01,516.942698478699,
PB2_LUNARLANDER_4,4,9,1440,139.085612536536,0.0001,1024,0.999,0.0100000055050881,633.583777904511,
PB2_LUNARLANDER_4,4,10,1600,240.066499513726,0.0091607989550575,1024,0.995267252552034,0.0208806775062604,706.650004863739,1600
PB2_LUNARLANDER_4,5,1,160,-132.468094705375,0.0024819676364376,527,0.949288791180866,0.530727321667734,15.6471440792084,
PB2_LUNARLANDER_4,5,2,320,16.9425730213813,0.0024819676364376,527,0.949288791180866,0.530727321667734,55.5568628311157,
PB2_LUNARLANDER_4,5,3,480,-5.82711653975413,0.0001,16,0.8,0.01,124.244732141495,
PB2_LUNARLANDER_4,5,4,640,127.050101880184,0.0001,16,0.800000004279677,0.01,198.473698616028,
PB2_LUNARLANDER_4,5,5,800,40.923675101569,0.0001,368,0.812991041507644,0.0184511039043488,262.886178731918,
PB2_LUNARLANDER_4,5,6,960,-7.74552624946298,0.0001,16,0.800000004279677,0.01,301.104632139206,
PB2_LUNARLANDER_4,5,7,1120,144.740136718976,0.0001,16,0.999,0.01,349.799767494202,
PB2_LUNARLANDER_4,5,8,1280,-22.9734852309676,0.01,1024,0.8,0.01,420.24903178215,
PB2_LUNARLANDER_4,5,9,1440,133.73079896273,0.0001,16,0.999,0.01,494.69048500061,
PB2_LUNARLANDER_4,5,10,1600,117.082813741465,0.00634043878545054,16,0.999,0.01,570.860912322998,
PB2_LUNARLANDER_4,5,11,1760,204.385670458041,0.01,1024,0.999,0.01,631.062356472015,1760
PB2_LUNARLANDER_4,6,1,160,-105.350284518382,0.00374250279866875,893,0.900989458584985,0.705827091425507,14.4619135856628,
PB2_LUNARLANDER_4,6,2,320,-79.7652295385239,0.00377976374515858,427,0.978203279407254,0.97827667989886,31.4446830749512,
PB2_LUNARLANDER_4,6,3,480,-69.8086174474547,0.01,1024,0.8,0.01,80.8825175762177,
PB2_LUNARLANDER_4,6,4,640,20.6514771032471,0.01,16,0.8,0.01,132.919472455978,
PB2_LUNARLANDER_4,6,5,800,4.98510612434795,0.01,1024,0.8,0.01,179.979919910431,
PB2_LUNARLANDER_4,6,6,960,157.233925714444,0.00350844617812446,819,0.972960242356571,0.402913631726412,273.207199811935,
PB2_LUNARLANDER_4,6,7,1120,128.540869393577,0.0001,33,0.999,0.704444267294563,349.556974887848,
PB2_LUNARLANDER_4,6,8,1280,126.260634074457,0.00952428558330164,877,0.980133052596184,0.999999683573893,383.249421358109,
PB2_LUNARLANDER_4,6,9,1440,233.881652935038,0.00487446475897906,584,0.986601001726747,0.483251814889388,415.932415962219,1440
PB2_LUNARLANDER_4,7,1,160,50.3359203165884,0.000882445933821175,38,0.961546674906623,0.374463076607135,17.5262396335602,
PB2_LUNARLANDER_4,7,2,320,-63.2118005663575,0.00627606478387861,336,0.846150757409405,0.965302107317968,41.3492531776428,
PB2_LUNARLANDER_4,7,3,480,28.1118613018151,0.00999999832478607,1024,0.99899999218989,1,113.51383805275,
PB2_LUNARLANDER_4,7,4,640,95.8054233486051,0.00627606478387861,336,0.846150757409405,0.965302107317968,161.195596456528,
PB2_LUNARLANDER_4,7,5,800,76.0175913601981,0.00809707674918818,541,0.984832651509022,0.476002273520457,216.5959649086,
PB2_LUNARLANDER_4,7,6,960,174.251912615082,0.00809707674918818,541,0.984832651509022,0.476002273520457,256.317625045776,
PB2_LUNARLANDER_4,7,7,1120,-10.289661344107,0.00809707674918818,541,0.984832651509022,0.476002273520457,295.180359840393,
PB2_LUNARLANDER_4,7,8,1280,66.1703814708236,0.00809707674918818,541,0.984832651509022,0.476002273520457,358.404684066772,
PB2_LUNARLANDER_4,7,9,1440,67.9211872536685,0.00809707674918818,541,0.984832651509022,0.476002273520457,400.06875038147,
PB2_LUNARLANDER_4,7,10,1600,174.00729041833,0.00123642708413297,158,0.995393806435064,0.132697164368924,457.535743713379,
PB2_LUNARLANDER_4,7,11,1760,235.532822756949,0.00809707674918818,541,0.984832651509022,0.476002273520457,541.792739868164,1760
PB2_LUNARLANDER_4,8,1,160,-108.988445689989,0.00930640300440713,266,0.952527346169866,0.478115745620639,20.3906195163727,
PB2_LUNARLANDER_4,8,2,320,-100.55081343963,0.00930640300440713,266,0.952527346169866,0.478115745620639,71.2262446880341,
PB2_LUNARLANDER_4,8,3,480,9.29392337818527,0.00239434124945104,274,0.983005631333872,0.302435044580802,157.265779256821,
PB2_LUNARLANDER_4,8,4,640,102.424840577711,0.00526935771293679,657,0.999,0.0644035082079333,219.103131294251,
PB2_LUNARLANDER_4,8,5,800,213.087683466339,0.00526935771293679,657,0.999,0.0644035082079333,308.166403532028,800
PB2_LUNARLANDER_4,9,1,160,-38.7630919033488,0.000984697495713292,570,0.985527766508818,0.391155220407066,14.8696668148041,
PB2_LUNARLANDER_4,9,2,320,-30.9932800574588,0.000984697495713292,570,0.985527766508818,0.391155220407066,48.8413152694702,
PB2_LUNARLANDER_4,9,3,480,-94.7102352811473,0.01,1024,0.999,0.01,142.207945108414,
PB2_LUNARLANDER_4,9,4,640,160.775105050882,0.00999999950165513,1024,0.999,0.01,253.78436422348,
PB2_LUNARLANDER_4,9,5,800,172.93838693918,0.00446849572022129,805,0.992623817072759,0.140786322938049,321.253838777542,
PB2_LUNARLANDER_4,9,6,960,181.826963457996,0.00999999950165513,1024,0.999,0.01,395.68022608757,
PB2_LUNARLANDER_4,9,7,1120,161.568866892314,0.00999999950165513,1024,0.999,0.01,440.128531932831,
PB2_LUNARLANDER_4,9,8,1280,220.722512986107,0.00999999950165513,1024,0.999,0.01,490.481407642365,1280
PB2_LUNARLANDER_4,10,1,160,-101.282377388566,0.0098600584149153,75,0.818096445395198,0.387899670796725,16.841283082962,
PB2_LUNARLANDER_4,10,2,320,-70.2660190355904,0.0098600584149153,75,0.818096445395198,0.387899670796725,45.5348930358887,
PB2_LUNARLANDER_4,10,3,480,-35.4190557741719,0.000100000257119049,1024,0.8,0.01,125.415338993073,
PB2_LUNARLANDER_4,10,4,640,99.2022824590065,0.000100000007963177,16,0.999,0.01,215.15287232399,
PB2_LUNARLANDER_4,10,5,800,104.353624499859,0.00999999997756851,16,0.800000015534043,0.999999610172997,252.868310928345,
PB2_LUNARLANDER_4,10,6,960,96.4905198962958,0.0001,16,0.999,1,300.643337965012,
PB2_LUNARLANDER_4,10,7,1120,53.6300958146542,0.0001000144420103,16,0.999,0.01,347.405359983444,
PB2_LUNARLANDER_4,10,8,1280,95.3356217211008,0.0001000144420103,16,0.999,0.01,399.607815265656,
PB2_LUNARLANDER_4,10,9,1440,112.85305760297,0.0001000144420103,16,0.999,0.01,475.743894577026,
PB2_LUNARLANDER_4,10,10,1600,54.3911828538959,0.0001000144420103,16,0.999,0.01,550.034531116486,
PB2_LUNARLANDER_4,10,11,1760,101.591687741368,0.00652522768605225,256,0.976839219217165,0.367659241711205,607.532371759415,
PB2_LUNARLANDER_4,10,12,1920,53.6325518712374,0.0001,1024,0.999,0.01,666.763838768005,
PB2_LUNARLANDER_4,10,13,2080,181.139226142985,0.00773008241280931,239,0.965544017368857,0.812794126580614,704.341143369675,
PB2_LUNARLANDER_4,10,14,2240,165.531014034472,0.0001,1024,0.999,0.01,738.462549209595,
PB2_LUNARLANDER_4,10,15,2400,221.149941441542,0.0001,1024,0.999,0.01,795.461178064346,2400
PB2_LUNARLANDER_4,11,1,160,-51.5288585848966,0.00847646566259389,724,0.886708188540973,0.318214933527938,17.1405324935913,
PB2_LUNARLANDER_4,11,2,320,-3.94016673997752,0.00297516888115398,87,0.825114203549874,0.307976249231034,61.1981284618378,
PB2_LUNARLANDER_4,11,3,480,-30.5674953502124,0.00297516888115398,87,0.825114203549874,0.307976249231034,112.362296104431,
PB2_LUNARLANDER_4,11,4,640,65.7958233689497,0.0078137753602752,250,0.998937766965617,0.0554281703875687,217.931829690933,
PB2_LUNARLANDER_4,11,5,800,172.298070183937,0.0078137753602752,250,0.998937766965617,0.0554281703875687,317.766943454742,
PB2_LUNARLANDER_4,11,6,960,202.361042118651,0.0078137753602752,250,0.998937766965617,0.0554281703875687,393.309360027313,960
PB2_LUNARLANDER_4,12,1,160,-90.303249769188,0.00638979250256982,789,0.873262433268337,0.583313235146301,15.1335265636444,
PB2_LUNARLANDER_4,12,2,320,-104.617988691109,0.00638979250256982,789,0.873262433268337,0.583313235146301,54.5054500102997,
PB2_LUNARLANDER_4,12,3,480,-115.965884354072,0.000483927895789868,201,0.971346252643406,0.219286490049046,96.7964346408844,
PB2_LUNARLANDER_4,12,4,640,-15.1332868764017,0.0099999978351568,689,0.846360086689548,0.291581758827005,185.791073083878,
PB2_LUNARLANDER_4,12,5,800,-4.61557591383361,0.000483927895789868,201,0.971346252643406,0.219286490049046,267.809597969055,
PB2_LUNARLANDER_4,12,6,960,14.3796645080704,0.0001,1024,0.8,0.01,337.465919494629,
PB2_LUNARLANDER_4,12,7,1120,151.394462386185,0.00860556603421861,368,0.987026641243267,0.513685094529239,414.33699297905,
PB2_LUNARLANDER_4,12,8,1280,148.735305854853,0.00860556603421861,368,0.987026641243267,0.513685094529239,481.670857667923,
PB2_LUNARLANDER_4,12,9,1440,150.688864422612,0.00782157229094402,535,0.98312986751386,0.891759607558127,588.777298212051,
PB2_LUNARLANDER_4,12,10,1600,107.788879547348,0.00782157229094402,535,0.98312986751386,0.891759607558127,620.232964277268,
PB2_LUNARLANDER_4,12,11,1760,221.319661746867,0.00856850149631047,923,0.979001246408359,0.232359507960104,652.998279333115,1760
PB2_LUNARLANDER_4,13,1,160,-96.3517616404303,0.00180115474649877,316,0.982012240026287,0.91469459029298,14.8422186374664,
PB2_LUNARLANDER_4,13,2,320,-75.0064361480321,0.00216229232068431,527,0.956943406207983,0.225732109425481,48.4668145179749,
PB2_LUNARLANDER_4,13,3,480,-1.37941986215004,0.0001,1024,0.999,0.01,108.270795345306,
PB2_LUNARLANDER_4,13,4,640,-11.9958733508654,0.00010000216481716,16,0.8,0.0100000526673894,183.611602544785,
PB2_LUNARLANDER_4,13,5,800,25.8822616848992,0.00293391950926187,34,0.988273368316214,0.613150199974949,234.038679361343,
PB2_LUNARLANDER_4,13,6,960,78.413529825077,0.00293391950926187,34,0.988273368316214,0.613150199974949,273.889075756073,
PB2_LUNARLANDER_4,13,7,1120,98.3174521077516,0.00293391950926187,34,0.988273368316214,0.613150199974949,330.216111898422,
PB2_LUNARLANDER_4,13,8,1280,199.373322555379,0.01,1024,0.999,0.01,428.577965021133,
PB2_LUNARLANDER_4,13,9,1440,195.513955829243,0.00557035723308743,1023,0.976152254052043,0.105411247477864,469.913317203522,
PB2_LUNARLANDER_4,13,10,1600,263.149574564366,0.01,1024,0.999,1,531.686949014664,1600
PB2_LUNARLANDER_4,14,1,160,-87.746159582759,0.00668604870009915,536,0.893639436037327,0.193677187602081,21.3481886386871,
PB2_LUNARLANDER_4,14,2,320,-108.469250655545,0.000887698417880453,720,0.823659448291251,0.717175116039407,52.414986371994,
PB2_LUNARLANDER_4,14,3,480,38.0577570502054,0.00782120665144308,472,0.990967710210328,0.0929232090894835,114.629269838333,
PB2_LUNARLANDER_4,14,4,640,159.153503465293,0.00782120665144308,472,0.990967710210328,0.0929232090894835,163.788238286972,
PB2_LUNARLANDER_4,14,5,800,111.091134902325,0.0080757884310503,1018,0.997504595653487,0.315585949360282,218.340392827988,
PB2_LUNARLANDER_4,14,6,960,262.339040645738,0.00782120665144308,472,0.990967710210328,0.0929232090894835,266.051000833511,960
PB2_LUNARLANDER_4,15,1,160,-136.547019751655,0.00844598838550527,977,0.831488998386252,0.94004416075129,15.9732468128204,
PB2_LUNARLANDER_4,15,2,320,107.84317086037,0.00571418094484589,982,0.823791027464598,0.193108089574085,59.7988660335541,
PB2_LUNARLANDER_4,15,3,480,-10.2133919170338,0.00571418094484589,982,0.823791027464598,0.193108089574085,113.349275112152,
PB2_LUNARLANDER_4,15,4,640,83.0830366797458,0.00571418094484589,982,0.823791027464598,0.193108089574085,171.853370189667,
PB2_LUNARLANDER_5,1,1,160,-116.077863776053,0.00235057954291707,981,0.985393886598736,0.586177299076953,17.0849611759186,
PB2_LUNARLANDER_5,1,2,320,-30.2875430756592,0.00235057954291707,981,0.985393886598736,0.586177299076953,54.6494240760803,
PB2_LUNARLANDER_5,1,3,480,-9.22938692899892,0.01,1024,0.998999670799193,1,131.907753705978,
PB2_LUNARLANDER_5,1,4,640,183.020274860367,0.00405236090756465,504,0.984294817818306,0.132128735262439,202.485214233398,
PB2_LUNARLANDER_5,1,5,800,166.237421367015,0.00405236090756465,504,0.984294817818306,0.132128735262439,261.326225042343,
PB2_LUNARLANDER_5,1,6,960,237.84563293866,0.00405236090756465,504,0.984294817818306,0.132128735262439,328.036784172058,960
PB2_LUNARLANDER_5,2,1,160,-85.9087971787664,0.00114218719745577,717,0.83327571273985,0.994408501690134,14.4082224369049,
PB2_LUNARLANDER_5,2,2,320,-111.055235296831,0.00114218719745577,717,0.83327571273985,0.994408501690134,30.7934069633484,
PB2_LUNARLANDER_5,2,3,480,-107.904064652418,0.00114218719745577,717,0.83327571273985,0.994408501690134,54.3394162654877,
PB2_LUNARLANDER_5,2,4,640,-68.4004030111999,0.00615411819254094,125,0.994057278351821,0.215882306087312,88.8049597740173,
PB2_LUNARLANDER_5,2,5,800,-24.1525170262037,0.00615411819254094,125,0.994057278351821,0.215882306087312,164.670443534851,
PB2_LUNARLANDER_5,2,6,960,-31.1716896614194,0.000100000722209324,1024,0.999,0.0100001089672331,248.244698286057,
PB2_LUNARLANDER_5,2,7,1120,170.206346326647,0.00252223771254799,743,0.999,0.01,397.505409002304,
PB2_LUNARLANDER_5,2,8,1280,91.5331863637189,0.00274751828139765,610,0.986709999097713,0.167107641831005,553.053353071213,
PB2_LUNARLANDER_5,2,9,1440,123.873735688421,0.00274751828139765,610,0.986709999097713,0.167107641831005,624.586014509201,
PB2_LUNARLANDER_5,2,10,1600,234.515451593195,0.000100000905824705,1024,0.998999990517984,0.999999999766208,689.409986019135,1600
PB2_LUNARLANDER_5,3,1,160,-107.451924383629,0.00467219275266387,211,0.92642327653969,0.810775155867891,14.9504959583282,
PB2_LUNARLANDER_5,3,2,320,-16.5784837717327,0.00837678001998006,815,0.91179373429588,0.709272817288396,34.5550656318665,
PB2_LUNARLANDER_5,3,3,480,-28.9326044857346,0.00837678001998006,815,0.91179373429588,0.709272817288396,84.4575698375702,
PB2_LUNARLANDER_5,3,4,640,-33.6991661487902,0.01,16,0.999,0.01,177.598013401032,
PB2_LUNARLANDER_5,3,5,800,151.46995243798,0.01,1024,0.990197729417669,0.38074954140154,246.067519903183,
PB2_LUNARLANDER_5,3,6,960,156.004073093198,0.01,1024,0.990197729417669,0.38074954140154,350.767669200897,
PB2_LUNARLANDER_5,3,7,1120,177.494716018829,0.01,1024,0.990197729417669,0.38074954140154,421.825491189957,
PB2_LUNARLANDER_5,3,8,1280,182.185710955668,0.01,1024,0.990197729417669,0.38074954140154,488.386116027832,
PB2_LUNARLANDER_5,3,9,1440,230.728946873718,0.01,1024,0.990197729417669,0.38074954140154,547.45441365242,1440
PB2_LUNARLANDER_5,4,1,160,-98.5554388124822,0.0028542202963311,560,0.941293888887051,0.221124150149998,17.9790754318237,
PB2_LUNARLANDER_5,4,2,320,-17.9281737831288,0.000730248842909671,432,0.895197751035774,0.399837966079218,95.9702379703522,
PB2_LUNARLANDER_5,4,3,480,-21.8232484388044,0.00195308946675556,799,0.834518248940455,0.556835340087219,152.10963177681,
PB2_LUNARLANDER_5,4,4,640,0.20751525482446,0.01,1024,0.999,0.01,228.208212614059,
PB2_LUNARLANDER_5,4,5,800,142.997880750394,0.00959687203807738,1024,0.999,0.0100000013799379,307.438829183579,
PB2_LUNARLANDER_5,4,6,960,231.587844594725,0.00959687203807738,1024,0.999,0.0100000013799379,381.695515394211,960
PB2_LUNARLANDER_5,5,1,160,-81.4071616504891,0.000111124168366873,67,0.916865436153709,0.827526443525043,16.1767919063568,
PB2_LUNARLANDER_5,5,2,320,-101.240093632555,0.00138057270401417,404,0.959970396916488,0.509618013112993,54.9032318592072,
PB2_LUNARLANDER_5,5,3,480,-64.4897770909131,0.00138057270401417,404,0.959970396916488,0.509618013112993,109.284772396088,
PB2_LUNARLANDER_5,5,4,640,-22.4418802734361,0.00999999968677764,1024,0.999,0.0100000525027858,189.275589466095,
PB2_LUNARLANDER_5,5,5,800,183.242465505573,0.00999999968677764,1024,0.999,0.0100000525027858,283.918555736542,
PB2_LUNARLANDER_5,5,6,960,159.214305013673,0.00220778819965687,750,0.976556678048309,0.364573114274392,340.915757894516,
PB2_LUNARLANDER_5,5,7,1120,186.059258518313,0.00220778819965687,750,0.976556678048309,0.364573114274392,383.275994777679,
PB2_LUNARLANDER_5,5,8,1280,223.84415850952,0.00405454230798434,505,0.984677309992768,0.332593797013036,441.781611680985,1280
PB2_LUNARLANDER_5,6,1,160,-51.4174859206883,0.00330074139499707,534,0.873881158703408,0.97529293794144,17.4908399581909,
PB2_LUNARLANDER_5,6,2,320,-96.2130330561803,0.00330074139499707,534,0.873881158703408,0.97529293794144,33.5386097431183,
PB2_LUNARLANDER_5,6,3,480,-34.6914877391073,0.01,16,0.998999973972273,0.0100002209622625,101.435839176178,
PB2_LUNARLANDER_5,6,4,640,-57.0470713790319,0.01,16,0.999,0.01,167.303785324097,
PB2_LUNARLANDER_5,6,5,800,69.5138217540679,0.00999999999999973,16,0.973879727042964,0.459788723041914,216.935350656509,
PB2_LUNARLANDER_5,6,6,960,-46.9532944237984,0.000343562867954396,1024,0.988750620592656,0.963076912081234,250.418829441071,
PB2_LUNARLANDER_5,6,7,1120,-53.9524711641058,0.0001,442,0.958629319828484,1,289.628816366196,
PB2_LUNARLANDER_5,6,8,1280,-14.5264548627778,0.0001,442,0.958629319828484,1,331.312785387039,
PB2_LUNARLANDER_5,6,9,1440,36.9837408285689,0.0001,1024,0.999,0.999999993440596,376.319710969925,
PB2_LUNARLANDER_5,6,10,1600,162.732958517478,0.00999148302135253,732,0.997654263242009,0.179135723455401,469.351211547852,
PB2_LUNARLANDER_5,6,11,1760,235.400406817726,0.00999148302135253,732,0.997654263242009,0.179135723455401,524.417652130127,1760
PB2_LUNARLANDER_5,7,1,160,-107.658770725852,0.00165787123476449,900,0.847810714175654,0.3471680309731,16.0657377243042,
PB2_LUNARLANDER_5,7,2,320,-7.40531627269537,0.00450670905366049,816,0.876587154342681,0.487694563573426,45.0567452907562,
PB2_LUNARLANDER_5,7,3,480,-76.9394097895241,0.00237793860373204,670,0.903004074201854,0.390092265782266,93.2649812698364,
PB2_LUNARLANDER_5,7,4,640,46.1437033138074,0.00117743324033,283,0.98784379733056,0.0894519798091136,189.242867946625,
PB2_LUNARLANDER_5,7,5,800,99.9351449215342,0.0001,16,0.999,0.01,271.334060192108,
PB2_LUNARLANDER_5,7,6,960,69.0927003424956,0.00117743324033,283,0.98784379733056,0.0894519798091136,370.306240320206,
PB2_LUNARLANDER_5,7,7,1120,236.770199825371,0.00130747472177054,1000,0.99856071279081,0.010206728071577,435.564123153687,1120
PB2_LUNARLANDER_5,8,1,160,-78.1834716510752,0.000223783997129565,937,0.865724089722231,0.48944139919894,12.9807052612305,
PB2_LUNARLANDER_5,8,2,320,-71.7858721779785,0.00763953630806052,154,0.882238419074446,0.977927950740889,40.4309270381928,
PB2_LUNARLANDER_5,8,3,480,-39.4766832137442,0.00966037581952964,281,0.998999918432326,0.0100002951288736,81.9660065174103,
PB2_LUNARLANDER_5,8,4,640,35.6949028151882,0.00966037581952964,281,0.998999918432326,0.0100002951288736,139.228488445282,
PB2_LUNARLANDER_5,8,5,800,137.758370138655,0.01,1024,0.99899999186885,0.01,243.074737071991,
PB2_LUNARLANDER_5,8,6,960,170.785270026536,0.00984005447202593,933,0.976018112675801,0.251050255882984,300.152838468552,
PB2_LUNARLANDER_5,8,7,1120,-17.1604023515314,0.00247951271294688,680,0.998999998711862,0.01,376.774701118469,
PB2_LUNARLANDER_5,8,8,1280,172.753732675207,0.00984005447202593,933,0.976018112675801,0.251050255882984,423.907476186752,
PB2_LUNARLANDER_5,8,9,1440,180.240032360524,0.00984005447202593,933,0.976018112675801,0.251050255882984,460.107343435288,
PB2_LUNARLANDER_5,8,10,1600,152.047151223732,0.00984005447202593,933,0.976018112675801,0.251050255882984,504.619701147079,
PB2_LUNARLANDER_5,8,11,1760,-25.5597899398978,0.00891538357317075,351,0.971317914469987,0.706373017149291,563.389160871506,
PB2_LUNARLANDER_5,8,12,1920,45.6587611217913,0.00918509345143077,369,0.985178802992235,0.280193877025323,663.519605875015,
PB2_LUNARLANDER_5,8,13,2080,110.096652094698,0.00918509345143077,369,0.985178802992235,0.280193877025323,760.841594219208,
PB2_LUNARLANDER_5,8,14,2240,94.3096972741782,0.00918509345143077,369,0.985178802992235,0.280193877025323,820.885204792023,
PB2_LUNARLANDER_5,8,15,2400,148.454567927802,0.00918509345143077,369,0.985178802992235,0.280193877025323,880.859975337982,
PB2_LUNARLANDER_5,8,16,2560,238.826554731055,0.00918509345143077,369,0.985178802992235,0.280193877025323,927.687016487122,2560
PB2_LUNARLANDER_5,9,1,160,-75.9228804040238,0.00299453207201148,74,0.836792560834453,0.265289788443034,13.8707377910614,
PB2_LUNARLANDER_5,9,2,320,82.458872734226,0.00299453207201148,74,0.836792560834453,0.265289788443034,75.3772857189179,
PB2_LUNARLANDER_5,9,3,480,-27.4809201617583,0.0001,16,0.999,1,150.352236032486,
PB2_LUNARLANDER_5,9,4,640,-1.44767618692513,0.00130563007350121,410,0.984204140450947,0.0656989434820761,200.460788249969,
PB2_LUNARLANDER_5,9,5,800,182.011199557949,0.01,1024,0.999,0.01,285.423086166382,
PB2_LUNARLANDER_5,9,6,960,196.559253247539,0.01,1024,0.999,0.01,363.861883640289,
PB2_LUNARLANDER_5,9,7,1120,191.107154717016,0.01,1024,0.999,0.01,431.40960931778,
PB2_LUNARLANDER_5,9,8,1280,221.061325699423,0.00265346752087403,431,0.990764930258233,0.261077354980435,487.725038290024,1280
PB2_LUNARLANDER_5,10,1,160,14.6412717808921,0.00877724087269376,325,0.929426182142848,0.346686517522009,21.1033601760864,
PB2_LUNARLANDER_5,10,2,320,41.7319274549986,0.00875793174730522,768,0.832637452747085,0.289908217101464,71.8516223430634,
PB2_LUNARLANDER_5,10,3,480,-43.2162104383517,0.0001,1024,0.8,1,143.562099456787,
PB2_LUNARLANDER_5,10,4,640,103.794608600958,0.00256503145956024,905,0.99644523794159,0.0957582141144306,223.916232585907,
PB2_LUNARLANDER_5,10,5,800,201.098239660495,0.0001,1024,0.999,0.01,316.30900144577,800
PB2_LUNARLANDER_5,11,1,160,0.307863761031848,0.00728223941604058,385,0.97480885698699,0.197343086790071,18.9300720691681,
PB2_LUNARLANDER_5,11,2,320,-51.0256594880033,0.00728223941604058,385,0.97480885698699,0.197343086790071,50.3475823402405,
PB2_LUNARLANDER_5,11,3,480,23.3579272071291,0.00728223941604058,385,0.97480885698699,0.197343086790071,116.199189901352,
PB2_LUNARLANDER_5,11,4,640,54.6583709830416,0.00728223941604058,385,0.97480885698699,0.197343086790071,169.021944761276,
PB2_LUNARLANDER_5,11,5,800,157.440622453785,0.00871370590446896,757,0.973088663255813,0.579388162929987,233.394188404083,
PB2_LUNARLANDER_5,11,6,960,100.557626555729,0.00871370590446896,757,0.973088663255813,0.579388162929987,281.376911640167,
PB2_LUNARLANDER_5,11,7,1120,156.915573384415,0.0073198069024655,842,0.993570034424118,0.457649701637699,348.243954658508,
PB2_LUNARLANDER_5,11,8,1280,149.904982118188,0.0073198069024655,842,0.993570034424118,0.457649701637699,393.451085090637,
PB2_LUNARLANDER_5,11,9,1440,151.961526700218,0.0073198069024655,842,0.993570034424118,0.457649701637699,443.277839183807,
PB2_LUNARLANDER_5,11,10,1600,256.679856686166,0.00815817434519351,413,0.998433270953582,0.288885656910813,473.226933956146,1600
PB2_LUNARLANDER_5,1,1,160,-159.961481584278,0.00399231679534972,381,0.963781399244309,0.0478513965861599,23.6790151596069,
PB2_LUNARLANDER_5,1,2,320,-91.5678684887768,0.00399231679534972,381,0.963781399244309,0.0478513965861599,130.260655641556,
PB2_LUNARLANDER_5,1,3,480,29.6816648818159,0.00828392533633872,242,0.996503252766548,0.0739509532046033,244.784155607224,
PB2_LUNARLANDER_5,1,4,640,168.067876054295,0.00831824890507239,581,0.997162630100702,0.277437920272723,360.361552000046,
PB2_LUNARLANDER_5,1,5,800,181.384076458838,0.00831824890507239,581,0.997162630100702,0.277437920272723,440.498011350632,
PB2_LUNARLANDER_5,1,6,960,236.838819469463,0.00831824890507239,581,0.997162630100702,0.277437920272723,506.948396444321,960
PB2_LUNARLANDER_5,2,1,160,-147.869306354621,0.00337699625134988,297,0.939495003713578,0.834703243092065,18.682950258255,
PB2_LUNARLANDER_5,2,2,320,-79.5542400590412,0.00965091852269646,474,0.976053378096368,0.414003665107646,56.1816129684448,
PB2_LUNARLANDER_5,2,3,480,69.0822154679314,0.00983201240858775,326,0.980493411409585,0.168243167427629,123.441380739212,
PB2_LUNARLANDER_5,2,4,640,20.6397405711504,0.00983201240858775,326,0.980493411409585,0.168243167427629,211.674760341644,
PB2_LUNARLANDER_5,2,5,800,196.222416221994,0.00983201240858775,326,0.980493411409585,0.168243167427629,301.54718375206,
PB2_LUNARLANDER_5,2,6,960,182.09183974244,0.00983201240858775,326,0.980493411409585,0.168243167427629,361.817818164825,
PB2_LUNARLANDER_5,2,7,1120,206.464906612275,0.00189159043175423,482,0.972190570987713,0.952562080699428,425.273483037949,1120
PB2_LUNARLANDER_5,3,1,160,-98.8808649631462,0.00471925120107235,620,0.936675497392435,0.655641243314499,21.09046626091,
PB2_LUNARLANDER_5,3,2,320,-82.5906618151578,0.000891234118442022,389,0.817850606282311,0.183738970112332,73.7254681587219,
PB2_LUNARLANDER_5,3,3,480,-57.9442524512321,0.01,1024,0.999,0.01,156.418380498886,
PB2_LUNARLANDER_5,3,4,640,20.6068347865203,0.00928893502985198,841,0.926523387935178,0.566063867847212,257.293571233749,
PB2_LUNARLANDER_5,3,5,800,22.2630630860859,0.00929570548605322,693,0.989038366455766,0.619517708339966,312.332669019699,
PB2_LUNARLANDER_5,3,6,960,56.8136246423301,0.0001,16,0.999,0.01,364.730452537537,
PB2_LUNARLANDER_5,3,7,1120,143.221866441181,0.0001,16,0.999,0.01,426.267294168472,
PB2_LUNARLANDER_5,3,8,1280,82.3019262666717,0.0001,16,0.999,0.01,496.249930381775,
PB2_LUNARLANDER_5,3,9,1440,126.099605781938,0.0001,16,0.999,0.01,570.810760259628,
PB2_LUNARLANDER_5,3,10,1600,157.898076806374,0.0001,16,0.999,0.01,644.352672815323,
PB2_LUNARLANDER_5,3,11,1760,48.854403484998,0.000100001916116665,734,0.998999997237349,0.99999995123829,684.548822641373,
PB2_LUNARLANDER_5,3,12,1920,23.0716818381438,0.00892339661697362,216,0.970433591738391,0.67278295186408,717.086522579193,
PB2_LUNARLANDER_5,3,13,2080,47.1771413612021,0.000603800555504357,509,0.999,0.787169924004474,797.430088281632,
PB2_LUNARLANDER_5,3,14,2240,35.0208262825948,0.01,110,0.98046234979226,1,839.189209699631,
PB2_LUNARLANDER_5,3,15,2400,-23.8328037372262,0.0001,16,0.998999996905376,1,875.237012386322,
PB2_LUNARLANDER_5,3,16,2560,-46.7268769170857,0.00709951551192838,979,0.936684171116371,0.606829058496264,933.685475826263,
PB2_LUNARLANDER_5,3,17,2720,-23.9290268083598,0.0001,16,0.998999996905376,1,997.750109434128,
PB2_LUNARLANDER_5,3,18,2880,125.513642551793,0.000341539893948493,21,0.844664123734106,0.176575149714708,1080.97534418106,
PB2_LUNARLANDER_5,3,19,3040,199.374632532568,0.00103879490272295,948,0.990299117021036,0.160945753476413,1161.13558149338,
PB2_LUNARLANDER_5,3,20,3200,116.688367495006,0.00103879490272295,948,0.990299117021036,0.160945753476413,1230.98992824554,
PB2_LUNARLANDER_5,3,21,3360,202.172625070825,0.00103879490272295,948,0.990299117021036,0.160945753476413,1304.70427727699,3360
PB2_LUNARLANDER_5,4,1,160,-104.938173531183,0.00467884817504007,897,0.948641471220541,0.155495064930676,21.0481648445129,
PB2_LUNARLANDER_5,4,2,320,-44.8155990568325,0.00467884817504007,897,0.948641471220541,0.155495064930676,125.405770540237,
PB2_LUNARLANDER_5,4,3,480,80.1652665709688,0.0001,16,0.999,0.01,240.080771684647,
PB2_LUNARLANDER_5,4,4,640,86.6700560793268,0.0001,16,0.999,0.01,356.46604847908,
PB2_LUNARLANDER_5,4,5,800,221.15101681021,0.0001,16,0.999,0.01,446.781173706055,800
PB2_LUNARLANDER_5,5,1,160,-88.9623267323889,0.00849434135435465,908,0.848903777666621,0.738584336272394,19.111624956131,
PB2_LUNARLANDER_5,5,2,320,139.889157651173,0.00146110816263337,149,0.812261513062827,0.0214491628150459,51.3095307350159,
PB2_LUNARLANDER_5,5,3,480,-11.696367241778,0.01,1024,0.999,0.01,128.036902666092,
PB2_LUNARLANDER_5,5,4,640,45.8501053603313,0.01,1024,0.999,0.01,234.157065391541,
PB2_LUNARLANDER_5,5,5,800,35.8233925325997,0.000100000822495414,1024,0.8,1,346.304112911224,
PB2_LUNARLANDER_5,5,6,960,8.00293979876697,0.00359493500359176,1024,0.8,0.0100000010793835,422.332867145538,
PB2_LUNARLANDER_5,5,7,1120,6.91017571733211,0.00359493500359176,1024,0.8,0.0100000010793835,470.801705360413,
PB2_LUNARLANDER_5,5,8,1280,28.2180346193541,0.00126346769955151,203,0.950843836751832,0.72882701946484,548.759213209152,
PB2_LUNARLANDER_5,5,9,1440,41.8732741202959,0.00359493500359176,1024,0.8,0.0100000010793835,603.58013343811,
PB2_LUNARLANDER_5,5,10,1600,184.77785757583,0.00706321811397743,644,0.968195882599614,0.20596264796905,680.81893992424,
PB2_LUNARLANDER_5,5,11,1760,79.420850979486,0.00773371294740201,845,0.979401526543433,0.508694232640252,793.507001161575,
PB2_LUNARLANDER_5,5,12,1920,175.863246401767,0.00706321811397743,644,0.968195882599614,0.20596264796905,889.77543926239,
PB2_LUNARLANDER_5,5,13,2080,237.125525726471,0.00696104130314849,113,0.991153919646061,0.462271161151714,951.153864860535,2080
PB2_LUNARLANDER_5,6,1,160,-38.5363207745907,0.00541981347990278,595,0.80625816710381,0.20583670451758,20.4548287391663,
PB2_LUNARLANDER_5,6,2,320,73.8731255062886,0.00541981347990278,595,0.80625816710381,0.20583670451758,88.3433005809784,
PB2_LUNARLANDER_5,6,3,480,38.0534303092251,0.00999999903295766,94,0.998999833346077,0.0100001675322356,209.947917222977,
PB2_LUNARLANDER_5,6,4,640,62.3018681411208,0.000535460836253652,16,0.8,0.0100000005279415,292.749521255493,
PB2_LUNARLANDER_5,6,5,800,79.1652252972418,0.000535460836253652,16,0.8,0.0100000005279415,363.78368806839,
PB2_LUNARLANDER_5,6,6,960,64.7536057792605,0.00999999903295766,94,0.998999833346077,0.0100001675322356,438.066411018372,
PB2_LUNARLANDER_5,6,7,1120,202.708152529307,0.0001,16,0.999,0.01,493.426649093628,1120
PB2_LUNARLANDER_5,7,1,160,3.75899979155734,0.0063101991158308,233,0.93830297225191,0.461645196416433,17.6665568351746,
PB2_LUNARLANDER_5,7,2,320,50.1840947477495,0.00917537692088177,374,0.885573070236718,0.74045301500453,52.244793176651,
PB2_LUNARLANDER_5,7,3,480,-40.0634861165198,0.00223766798936335,995,0.97592388707521,0.365240648593906,121.401826620102,
PB2_LUNARLANDER_5,7,4,640,-3.20736681706286,0.00223766798936335,995,0.97592388707521,0.365240648593906,218.179624795914,
PB2_LUNARLANDER_5,7,5,800,-10.2681862254462,0.00223766798936335,995,0.97592388707521,0.365240648593906,296.068348646164,
PB2_LUNARLANDER_5,7,6,960,222.801916874757,0.00223766798936335,995,0.97592388707521,0.365240648593906,382.864038467407,960
PB2_LUNARLANDER_5,8,1,160,-122.473039443585,0.00941674632221263,111,0.858328051613605,0.275844566428263,19.0399985313416,
PB2_LUNARLANDER_5,8,2,320,-38.1971276071707,0.00941674632221263,111,0.858328051613605,0.275844566428263,53.3261253833771,
PB2_LUNARLANDER_5,8,3,480,65.0876953983908,0.01,1024,0.8,1,116.691876888275,
PB2_LUNARLANDER_5,8,4,640,122.459749549272,0.01,1024,0.8,1,176.985869646072,
PB2_LUNARLANDER_5,8,5,800,-44.0262038498491,0.00999999999734179,1024,0.999,0.999999993123541,259.618757963181,
PB2_LUNARLANDER_5,8,6,960,17.9482140440987,0.00941674632221263,111,0.858328051613605,0.275844566428263,342.417330265045,
PB2_LUNARLANDER_5,8,7,1120,16.1473138426887,0.00288316541814956,1024,0.8,1,403.971987247467,
PB2_LUNARLANDER_5,8,8,1280,156.410412693069,0.0099273438060855,26,0.942230825436351,0.795579552186334,461.835111379623,
PB2_LUNARLANDER_5,8,9,1440,10.6374858914198,0.00489417710555968,437,0.802965807822198,0.667897607044899,515.365086078644,
PB2_LUNARLANDER_5,8,10,1600,87.4688383185428,0.01,1024,0.800000000067635,0.449288188827277,559.989693641663,
PB2_LUNARLANDER_5,8,11,1760,76.2579601443246,0.0030721839403011,90,0.831826928942695,0.859391654583197,626.121663808823,
PB2_LUNARLANDER_5,8,12,1920,141.757419213044,0.00345773739324877,819,0.882040882523633,0.597400214738086,695.919157743454,
PB2_LUNARLANDER_5,8,13,2080,65.5821063632789,0.00345773739324877,819,0.882040882523633,0.597400214738086,744.144354581833,
PB2_LUNARLANDER_5,8,14,2240,95.0625082386351,0.00464560360746773,433,0.966089084298922,0.805224648753774,775.826947212219,
PB2_LUNARLANDER_5,8,15,2400,227.080858531477,0.0001,1024,0.999,0.01,852.331245660782,2400
PB2_LUNARLANDER_5,9,1,160,-99.9311561420219,0.0065287050397014,627,0.854451236332491,0.0462403775601489,18.871164560318,
PB2_LUNARLANDER_5,9,2,320,-40.2834014680275,0.00985874709123671,790,0.86850402739906,0.507340088429491,75.4067454338074,
PB2_LUNARLANDER_5,9,3,480,-77.0278381746607,0.00606895571850789,261,0.894354365165334,0.319158374918664,153.283857107162,
PB2_LUNARLANDER_5,9,4,640,79.4661929313027,0.00950827514239925,868,0.988966986785766,0.141187152844632,226.739232301712,
PB2_LUNARLANDER_5,9,5,800,123.553723096945,0.0001,1024,0.999,1,304.394470453262,
PB2_LUNARLANDER_5,9,6,960,19.5646003801868,0.0001,16,0.999,0.01,365.909885406494,
PB2_LUNARLANDER_5,9,7,1120,97.6268737802397,0.01,1024,0.999,0.818970963004303,405.61692738533,
PB2_LUNARLANDER_5,9,8,1280,85.052803759108,0.0001,1024,0.999,1,430.789679050446,
PB2_LUNARLANDER_5,9,9,1440,27.2998200415177,0.0001,1024,0.999,1,486.077698230743,
PB2_LUNARLANDER_5,9,10,1600,73.3894470296224,0.01,1007,0.999,0.74293492590641,541.071981906891,
PB2_LUNARLANDER_5,9,11,1760,118.740595490515,0.01,1007,0.999,0.74293492590641,573.447026729584,
PB2_LUNARLANDER_5,9,12,1920,209.94598996215,0.00544187268925257,795,0.983069765504441,0.395888565511071,634.125704526901,1920
PB2_LUNARLANDER_5,10,1,160,-33.43901520122,0.0074391468933871,618,0.921218723889415,0.910380630003751,20.8860633373261,
PB2_LUNARLANDER_5,10,2,320,-50.1426187780313,0.000878695931152356,366,0.918003642270418,0.896838330734822,42.1847248077393,
PB2_LUNARLANDER_5,10,3,480,-21.3806849419089,0.000878695931152356,366,0.918003642270418,0.896838330734822,97.0908725261688,
PB2_LUNARLANDER_5,10,4,640,127.539080095544,0.00115627551295171,642,0.983936429920577,0.19519868600819,183.342846155167,
PB2_LUNARLANDER_5,10,5,800,152.803781052128,0.00115627551295171,642,0.983936429920577,0.19519868600819,236.318269252777,
PB2_LUNARLANDER_5,10,6,960,173.902523321543,0.00115627551295171,642,0.983936429920577,0.19519868600819,333.761014461517,
PB2_LUNARLANDER_5,10,7,1120,218.143872143917,0.00115627551295171,642,0.983936429920577,0.19519868600819,388.742841482163,1120
PB2_LUNARLANDER_5,11,1,160,-6.17875350816262,0.00413546134225281,930,0.925274857494804,0.407439969865848,22.3265662193298,
PB2_LUNARLANDER_5,11,2,320,-109.836764765879,0.00945210006835573,924,0.994057242827403,0.894639770532825,63.8696489334106,
PB2_LUNARLANDER_5,11,3,480,79.9779801337364,0.0001,1024,0.999,0.01,150.117522478104,
PB2_LUNARLANDER_5,11,4,640,47.1920424903393,0.00448029624215707,745,0.998070677832387,0.304945444675651,224.776485443115,
PB2_LUNARLANDER_5,11,5,800,257.60299019173,0.00448029624215707,745,0.998070677832387,0.304945444675651,289.351089954376,800
PB2_LUNARLANDER_5,12,1,160,-102.972748544828,0.0050918794350082,289,0.903191472177561,0.937751035195775,17.5766105651855,
PB2_LUNARLANDER_5,12,2,320,-39.1352194020263,0.00767970502333001,509,0.994874605591871,0.651330494820793,44.6477384567261,
PB2_LUNARLANDER_5,12,3,480,-24.2074183344022,0.000100000000000039,1024,0.999,0.999999991980338,120.393214225769,
PB2_LUNARLANDER_5,12,4,640,35.3361829356112,0.00860602865949996,840,0.913963446881964,0.504642885032412,166.714511871338,
PB2_LUNARLANDER_5,12,5,800,99.4316643171805,0.0001,1024,0.8,0.01,234.86399435997,
PB2_LUNARLANDER_5,12,6,960,58.6662154234871,0.00926671441102325,419,0.982552964550612,0.0994976838915124,311.171506881714,
PB2_LUNARLANDER_5,12,7,1120,94.48999677374,0.00926671441102325,419,0.982552964550612,0.0994976838915124,414.616231679916,
PB2_LUNARLANDER_5,12,8,1280,103.55139227949,0.00926671441102325,419,0.982552964550612,0.0994976838915124,479.904940128326,
PB2_LUNARLANDER_5,12,9,1440,119.385438964475,0.00820824979880032,311,0.969958737670542,0.891909271038921,531.529707670212,
PB2_LUNARLANDER_5,12,10,1600,246.299409415839,0.00913275429343341,693,0.898962078414438,0.625818942160603,607.150989294052,1600
PB2_LUNARLANDER_5,13,1,160,-54.5381835329254,0.00756841274230559,845,0.970807373932777,0.735229491353654,22.4121465682983,
PB2_LUNARLANDER_5,13,2,320,-108.390728813889,0.00795687579025559,365,0.809182535524988,0.0444180908427666,62.9023735523224,
PB2_LUNARLANDER_5,13,3,480,-49.0557300053458,0.00822718366597222,757,0.800033649850022,0.794537681449669,134.760890722275,
PB2_LUNARLANDER_5,13,4,640,28.9492335912253,0.00795687579025559,365,0.809182535524988,0.0444180908427666,208.027319669724,
PB2_LUNARLANDER_5,13,5,800,38.2569429416494,0.00795687579025559,365,0.809182535524988,0.0444180908427666,314.582304477692,
PB2_LUNARLANDER_5,13,6,960,158.137194280515,0.00893940852450792,742,0.980164282438311,0.225170712253421,386.523413896561,
PB2_LUNARLANDER_5,13,7,1120,154.849245412312,0.0001,1024,0.999,1,478.152071475983,
PB2_LUNARLANDER_5,13,8,1280,233.171281253572,0.00893940852450792,742,0.980164282438311,0.225170712253421,526.416966915131,1280
PB2_LUNARLANDER_5,14,1,160,-101.478643062256,0.00492370125127137,553,0.85275189739134,0.613269175779889,21.7337641716003,
PB2_LUNARLANDER_5,14,2,320,-53.1098793900796,0.00564106403017247,614,0.933241345911187,0.264942857222304,60.5892796516418,
PB2_LUNARLANDER_5,14,3,480,8.28058546515795,0.00999999820508493,1024,0.998999963922386,0.01,157.62294960022,
PB2_LUNARLANDER_5,14,4,640,22.5661840793502,0.000100001156521867,438,0.998999900755686,0.01,259.136846065521,
PB2_LUNARLANDER_5,14,5,800,60.3179704621997,0.0001,1024,0.999,0.01,298.0699031353,
PB2_LUNARLANDER_5,14,6,960,89.2420033130498,0.0001,1024,0.999,0.01,326.748604774475,
PB2_LUNARLANDER_5,14,7,1120,38.1333465376072,0.0001,1024,0.999,0.01,379.013844251633,
PB2_LUNARLANDER_5,14,8,1280,20.019282894612,0.00179213337435284,124,0.821368227521662,0.138365061621418,422.158143997192,
PB2_LUNARLANDER_5,14,9,1440,-15.9988908817283,0.00629052338133764,797,0.946142777460516,0.0230427323417077,479.305637121201,
PB2_LUNARLANDER_5,14,10,1600,-10.2369453756919,0.01,16,0.999,0.01,538.13755440712,
PB2_LUNARLANDER_5,14,11,1760,227.373543777127,0.000853098622438145,643,0.999,0.253469867465418,580.150021314621,1760
PB2_LUNARLANDER_5,15,1,160,-46.7209242638248,0.00182600055401931,387,0.965537801068132,0.8182407573136,17.9068160057068,
PB2_LUNARLANDER_5,15,2,320,-92.2940684848596,0.00182600055401931,387,0.965537801068132,0.8182407573136,44.9774751663208,
PB2_LUNARLANDER_5,15,3,480,-85.1891054223499,0.00365071729264307,783,0.832312640651338,0.737140747346865,106.527849674225,
PB2_LUNARLANDER_5,15,4,640,-17.3612611330528,0.0001,189,0.99899997787516,0.0100002181445365,183.720646619797,
PB2_LUNARLANDER_5,15,5,800,44.6429193472903,0.01,1024,0.999,0.01,257.190824270248,
PB2_LUNARLANDER_5,15,6,960,-34.649973651672,0.01,1024,0.999,0.01,375.057552814484,
PB2_LUNARLANDER_5,15,7,1120,54.312923316037,0.01,1024,0.999,0.01,413.152501821518,
PB2_LUNARLANDER_5,15,8,1280,109.232362778839,0.01,16,0.998999582111594,1,455.839641809464,
PB2_LUNARLANDER_5,15,9,1440,166.481817140009,0.00613529257276304,600,0.910336434381545,0.4580340452075,503.479397773743,
PB2_LUNARLANDER_5,15,10,1600,85.5876784121877,0.00084495015569599,988,0.973340983823552,0.253360874494344,569.912388563156,
PB2_LUNARLANDER_5,15,11,1760,21.9360066459512,0.00084495015569599,988,0.973340983823552,0.253360874494344,649.516068935394,
PB2_LUNARLANDER_5,15,12,1920,219.771313282233,0.00084495015569599,988,0.973340983823552,0.253360874494344,764.870597362518,1920
PB2_LUNARLANDER_5,16,1,160,-117.941919186827,0.00276000382692479,412,0.838834246116095,0.223810911418005,22.3630526065826,
PB2_LUNARLANDER_5,16,2,320,-33.7121766838949,0.00276000382692479,412,0.838834246116095,0.223810911418005,80.5539286136627,
PB2_LUNARLANDER_5,16,3,480,-87.5458165800395,0.000242663755468491,446,0.832268361214425,0.639860676933676,151.223469495773,
PB2_LUNARLANDER_5,16,4,640,-19.2989139163267,0.01,1024,0.999,0.01,232.111368894577,
PB2_LUNARLANDER_5,16,5,800,116.911629983667,0.00889667578615004,820,0.99026616438035,0.698238523560886,316.644753217697,
PB2_LUNARLANDER_5,16,6,960,26.083931218865,0.00889667578615004,820,0.99026616438035,0.698238523560886,411.78623175621,
PB2_LUNARLANDER_5,16,7,1120,60.9417417933239,0.0001,1024,0.999,1,520.60581111908,
PB2_LUNARLANDER_5,16,8,1280,110.576461989908,0.0001,1024,0.999,1,570.767044067383,
PB2_LUNARLANDER_5,16,9,1440,126.454404799193,0.00954957705991097,300,0.979229061931842,0.104590684338832,662.224321126938,
PB2_LUNARLANDER_5,16,10,1600,202.770842317633,0.0001,1024,0.999,0.01,744.685829877853,1600
PB2_LUNARLANDER_5,17,1,160,34.1221499619563,0.00244122004229598,790,0.877615152122707,0.984690399391407,15.8009130954742,
PB2_LUNARLANDER_5,17,2,320,-95.210322620668,0.00244122004229598,790,0.877615152122707,0.984690399391407,67.0254690647125,
PB2_LUNARLANDER_5,17,3,480,-45.1977977342566,0.00601493792887841,534,0.974221544007666,0.068711514003292,179.345060825348,
PB2_LUNARLANDER_5,17,4,640,-35.0451980504525,0.01,1024,0.8,0.01,304.496145248413,
PB2_LUNARLANDER_5,17,5,800,-40.8762858453251,0.0001,1024,0.999,1,410.661650657654,
PB2_LUNARLANDER_5,17,6,960,118.278244872672,0.00230866927561303,448,0.970417379443557,0.0361993860595172,522.523328542709,
PB2_LUNARLANDER_5,17,7,1120,76.2912978987227,0.01,1024,0.998999819538267,1,588.87771654129,
PB2_LUNARLANDER_5,17,8,1280,61.9039165407712,0.00499314974206725,1024,0.960755405282106,0.999999997052993,640.901397943497,
PB2_LUNARLANDER_5,17,9,1440,93.4787482086236,0.00353514890585346,1024,0.998999979678236,0.01,720.487190008164,
PB2_LUNARLANDER_5,17,10,1600,141.577299215035,0.0001,16,0.99899999332662,0.999999979235185,809.28488445282,
PB2_LUNARLANDER_5,17,11,1760,188.821165316868,0.00353514890585346,1024,0.998999979678236,0.01,869.8636906147,
PB2_LUNARLANDER_5,17,12,1920,72.908581678703,0.00353514890585346,1024,0.998999979678236,0.01,940.6049451828,
PB2_LUNARLANDER_5,17,13,2080,159.840742263665,0.00353514890585346,1024,0.998999979678236,0.01,1015.16170120239,
PB2_LUNARLANDER_5,17,14,2240,196.590905292665,0.00353514890585346,1024,0.998999979678236,0.01,1083.36365747452,
PB2_LUNARLANDER_5,17,15,2400,162.737163974154,0.0001,16,0.99899999332662,0.999999979235185,1156.86097764969,
PB2_LUNARLANDER_5,17,16,2560,246.927958760141,0.00353514890585346,1024,0.998999979678236,0.01,1230.39351201057,2560
PB2_LUNARLANDER_5,18,1,160,-118.687611739438,0.00868699055868846,896,0.865751696264486,0.66636809175759,21.0980393886566,
PB2_LUNARLANDER_5,18,2,320,-12.0860151363549,0.00868699055868846,896,0.865751696264486,0.66636809175759,56.1869306564331,
PB2_LUNARLANDER_5,18,3,480,37.6099591740866,0.000524596803474078,131,0.840148793258025,0.499122110061279,128.107906341553,
PB2_LUNARLANDER_5,18,4,640,71.7046373558299,0.00940007247885785,39,0.983847417577588,0.29380329663232,225.921381950378,
PB2_LUNARLANDER_5,18,5,800,-40.3672602321033,0.0001,1024,0.999,1,289.540835142136,
PB2_LUNARLANDER_5,18,6,960,89.782709603287,0.0044023581369599,697,0.974433166294197,0.197062079479563,349.691577196121,
PB2_LUNARLANDER_5,18,7,1120,147.343833850697,0.01,1024,0.999,0.01,457.094793081284,
PB2_LUNARLANDER_5,18,8,1280,228.432419719962,0.00964792814832269,1014,0.975485532640487,0.237506215258979,559.924688100815,1280
PB2_LUNARLANDER_6,1,1,160,-135.861469129073,0.0040432000700053,694,0.864443442405931,0.0203521392243779,19.122141122818,
PB2_LUNARLANDER_6,1,2,320,-10.4342724912435,0.0040432000700053,694,0.864443442405931,0.0203521392243779,75.8042430877686,
PB2_LUNARLANDER_6,1,3,480,-30.4049335549143,0.000173199124100142,679,0.993304770065584,0.363435439825646,142.493189573288,
PB2_LUNARLANDER_6,1,4,640,-15.4627881864202,0.000173199124100142,679,0.993304770065584,0.363435439825646,183.627980470657,
PB2_LUNARLANDER_6,1,5,800,158.193571807365,0.000173199124100142,679,0.993304770065584,0.363435439825646,227.819127559662,
PB2_LUNARLANDER_6,1,6,960,248.898312555064,0.01,1024,0.999,0.01,286.328644275665,960
PB2_LUNARLANDER_6,2,1,160,-121.636787409309,0.00888587663120456,55,0.911242539605671,0.289431457224468,14.7604870796204,
PB2_LUNARLANDER_6,2,2,320,33.3311320143432,0.00888587663120456,55,0.911242539605671,0.289431457224468,42.2383511066437,
PB2_LUNARLANDER_6,2,3,480,-78.0103775588798,0.00998856167098147,18,0.8,0.01,102.73970413208,
PB2_LUNARLANDER_6,2,4,640,14.8047982976457,0.000100000157553324,16,0.999,0.0100000190522306,167.249588251114,
PB2_LUNARLANDER_6,2,5,800,122.498820610837,0.01,1024,0.999,0.01,212.688256978989,
PB2_LUNARLANDER_6,2,6,960,196.105071045044,0.01,1024,0.999,0.01,251.32063293457,
PB2_LUNARLANDER_6,2,7,1120,142.727852206459,0.00354432045346416,479,0.987145801476734,0.106979482062874,285.798412322998,
PB2_LUNARLANDER_6,2,8,1280,189.135366567377,0.00354432045346416,479,0.987145801476734,0.106979482062874,311.112742424011,
PB2_LUNARLANDER_6,2,9,1440,237.85016553539,0.00354432045346416,479,0.987145801476734,0.106979482062874,342.243946313858,1440
PB2_LUNARLANDER_6,3,1,160,-103.228907815817,0.00696573113611321,364,0.96044932956297,0.948330318807685,13.0586719512939,
PB2_LUNARLANDER_6,3,2,320,-79.3422305978966,0.00875820387037182,208,0.953048132843113,0.533558127999404,31.3154790401459,
PB2_LUNARLANDER_6,3,3,480,-52.6772852947276,0.000484838494385257,251,0.969836438666253,0.561697701765578,83.2360236644745,
PB2_LUNARLANDER_6,3,4,640,-13.9337032718951,0.000484838494385257,251,0.969836438666253,0.561697701765578,109.853433609009,
PB2_LUNARLANDER_6,3,5,800,-34.7072996478461,0.00390322867301126,764,0.998768259113898,0.843673682158153,134.110771179199,
PB2_LUNARLANDER_6,3,6,960,-50.1521077744184,0.0001,842,0.960167607426303,1,166.765992641449,
PB2_LUNARLANDER_6,3,7,1120,-18.9800568182537,0.0001,842,0.960167607426303,1,217.099831104279,
PB2_LUNARLANDER_6,3,8,1280,23.673230243763,0.00999262193437774,464,0.84899062872262,0.254897982594951,260.626292705536,
PB2_LUNARLANDER_6,3,9,1440,-31.9429044084674,0.00128538904902316,710,0.97734418594688,0.43819119074488,316.625386714935,
PB2_LUNARLANDER_6,3,10,1600,154.794468738431,0.01,1024,0.999,0.01,381.188298463821,
PB2_LUNARLANDER_6,3,11,1760,238.969531731757,0.0001,1024,0.999,0.01,426.768176078796,1760
PB2_LUNARLANDER_6,4,1,160,-42.356162095733,0.00375391742862405,669,0.964807867340907,0.186260515285675,14.9163887500763,
PB2_LUNARLANDER_6,4,2,320,-88.4474075036271,0.00375391742862405,669,0.964807867340907,0.186260515285675,53.5575346946716,
PB2_LUNARLANDER_6,4,3,480,-2.40537922275005,0.00292081015137553,445,0.800458942044507,0.263919877952833,115.439563989639,
PB2_LUNARLANDER_6,4,4,640,55.7515543514648,0.00375391742862405,669,0.964807867340907,0.186260515285675,168.29351067543,
PB2_LUNARLANDER_6,4,5,800,122.063277798964,0.00375391742862405,669,0.964807867340907,0.186260515285675,263.835162639618,
PB2_LUNARLANDER_6,4,6,960,194.088610993186,0.00259759462244583,16,0.999,0.0140221114602157,365.97016787529,
PB2_LUNARLANDER_6,4,7,1120,230.631917975913,0.000881677964604521,312,0.999,0.01,420.659449100494,1120
PB2_LUNARLANDER_6,5,1,160,-116.056240226342,0.00464019213822283,789,0.827710140946675,0.0407130832858104,19.6650245189667,
PB2_LUNARLANDER_6,5,2,320,39.0005843585561,0.00464019213822283,789,0.827710140946675,0.0407130832858104,66.6188478469849,
PB2_LUNARLANDER_6,5,3,480,72.2075987452879,0.0001,1024,0.999,0.01,137.153373718262,
PB2_LUNARLANDER_6,5,4,640,150.41270098451,0.0001,1024,0.999,0.01,183.306714773178,
PB2_LUNARLANDER_6,5,5,800,40.5785484012319,0.00999989223563124,1024,0.999,0.01,218.442253828049,
PB2_LUNARLANDER_6,5,6,960,32.3960954591668,0.00951645197682705,574,0.965240217008396,0.944853433224096,238.637961626053,
PB2_LUNARLANDER_6,5,7,1120,96.1604688968045,0.00565195346848496,1024,0.999,1,267.786721467972,
PB2_LUNARLANDER_6,5,8,1280,41.4025583622771,0.00565195346848496,1024,0.999,1,298.631559371948,
PB2_LUNARLANDER_6,5,9,1440,3.96597503869157,0.00565195346848496,1024,0.999,1,325.830999135971,
PB2_LUNARLANDER_6,5,10,1600,31.8116957056243,0.00732789311508259,248,0.997053348669404,0.171109333890612,352.759485721588,
PB2_LUNARLANDER_6,5,11,1760,74.3446820566152,0.00253025297171417,599,0.987820050249139,0.916777025260359,398.646276712418,
PB2_LUNARLANDER_6,5,12,1920,178.833683942343,0.00253025297171417,599,0.987820050249139,0.916777025260359,419.309491634369,
PB2_LUNARLANDER_6,5,13,2080,120.63963887308,0.00253025297171417,599,0.987820050249139,0.916777025260359,448.397540330887,
PB2_LUNARLANDER_6,5,14,2240,89.4608945973666,0.000761884583456354,613,0.990023399391906,0.896259663251806,475.551830530167,
PB2_LUNARLANDER_6,5,15,2400,210.569029218442,0.000368193562312511,121,0.971048262650728,0.439901118814619,495.730774641037,2400
PB2_LUNARLANDER_6,6,1,160,-65.9330502966114,0.00288153349578431,406,0.95928696023376,0.379595422459674,13.1161963939667,
PB2_LUNARLANDER_6,6,2,320,-81.1620187004645,0.00388206434796306,225,0.927802250146076,0.326273832519898,52.4737422466278,
PB2_LUNARLANDER_6,6,3,480,-83.7100516700452,0.00388206434796306,225,0.927802250146076,0.326273832519898,99.8674457073212,
PB2_LUNARLANDER_6,6,4,640,77.5677868914355,0.01,1024,0.8,0.01,163.920109510422,
PB2_LUNARLANDER_6,6,5,800,36.9505759088261,0.01,16,0.8,1,243.649980306625,
PB2_LUNARLANDER_6,6,6,960,167.611476554921,0.00425041230586411,870,0.977813651098279,0.109451771777248,344.739615917206,
PB2_LUNARLANDER_6,6,7,1120,185.474407428641,0.00425041230586411,870,0.977813651098279,0.109451771777248,436.635961532593,
PB2_LUNARLANDER_6,6,8,1280,226.237151592587,0.00425041230586411,870,0.977813651098279,0.109451771777248,553.012899160385,1280
PB2_LUNARLANDER_6,7,1,160,40.1912715621837,0.00901576389236717,719,0.937484925399661,0.478172594128352,13.9504079818726,
PB2_LUNARLANDER_6,7,2,320,-18.1483088482322,0.000611821655035748,1023,0.996923891849364,0.987222114562804,37.2135405540466,
PB2_LUNARLANDER_6,7,3,480,-29.8525711047107,0.000611821655035748,1023,0.996923891849364,0.987222114562804,86.0455136299133,
PB2_LUNARLANDER_6,7,4,640,98.37029573677,0.0001,16,0.999,0.01,116.534416437149,
PB2_LUNARLANDER_6,7,5,800,-6.44235699755032,0.0001,16,0.999,0.01,143.209671258926,
PB2_LUNARLANDER_6,7,6,960,90.6972340729264,0.00185324324117522,182,0.920799891522084,0.826660035653797,171.853935003281,
PB2_LUNARLANDER_6,7,7,1120,108.675710496071,0.0001,1024,0.999,0.01,205.101185083389,
PB2_LUNARLANDER_6,7,8,1280,23.113272662777,0.0001,1024,0.999,0.01,259.769844770432,
PB2_LUNARLANDER_6,7,9,1440,98.1551581133273,0.0001,1024,0.999,0.01,317.859497308731,
PB2_LUNARLANDER_6,7,10,1600,99.9762347938815,0.0001,1024,0.999,0.01,398.021584510803,
PB2_LUNARLANDER_6,7,11,1760,168.252359861499,0.00299723745179723,73,0.994708895014213,0.706827483935182,454.250920534134,
PB2_LUNARLANDER_6,7,12,1920,51.2922609213883,0.000100000430965072,1024,0.993639658031892,0.139675559329943,521.659848451614,
PB2_LUNARLANDER_6,7,13,2080,48.9230195933241,0.0001,1024,0.999,0.01,587.019697666168,
PB2_LUNARLANDER_6,7,14,2240,224.017859771814,0.0028649502929739,849,0.999,0.01,679.782031536102,2240
PB2_LUNARLANDER_6,8,1,160,-128.447340201476,0.00981994546839637,489,0.991211984587224,0.965145065443769,15.0917029380798,
PB2_LUNARLANDER_6,8,2,320,-74.1770512546284,0.0031018459370712,1022,0.891150994369312,0.204890736535249,76.0858416557312,
PB2_LUNARLANDER_6,8,3,480,4.03573566032622,0.00999999931435243,1024,0.998999752065847,0.01,163.342892408371,
PB2_LUNARLANDER_6,8,4,640,51.418621798716,0.00999999931435243,1024,0.998999752065847,0.01,232.971237421036,
PB2_LUNARLANDER_6,8,5,800,173.528514556457,0.01,1024,0.999,0.01,284.544858932495,
PB2_LUNARLANDER_6,8,6,960,212.768192988698,0.00664498420418988,990,0.979643565878479,0.813244808177286,314.722261190414,960
PB2_LUNARLANDER_6,9,1,160,-21.0125287432208,0.00671733071085526,561,0.811584184093235,0.637094528950262,14.2293281555176,
PB2_LUNARLANDER_6,9,2,320,53.198353214987,0.00060129776926912,997,0.807716871311613,0.184697413251204,41.0772941112518,
PB2_LUNARLANDER_6,9,3,480,23.1765056484428,0.00294567344359408,1024,0.998999996552538,0.0100000050734152,119.12503862381,
PB2_LUNARLANDER_6,9,4,640,108.405437460225,0.00294567344359408,1024,0.998999996552538,0.0100000050734152,181.904672622681,
PB2_LUNARLANDER_6,9,5,800,-1.3946833483269,0.000649424434584019,991,0.806680926991451,0.159368184691436,247.383770942688,
PB2_LUNARLANDER_6,9,6,960,42.4039115261869,0.000635542168552354,308,0.914737749854807,0.855352172694374,307.737995624542,
PB2_LUNARLANDER_6,9,7,1120,262.311478863505,0.00294567344359408,1024,0.998999996552538,0.0100000050734152,397.313822507858,1120
PB2_LUNARLANDER_6,10,1,160,-3.7639436025268,0.00118031347740244,586,0.89491011672697,0.249064703981027,17.2169032096863,
PB2_LUNARLANDER_6,10,2,320,-77.5649973227083,0.00718860415370898,108,0.897948464715408,0.580618595475236,50.6926803588867,
PB2_LUNARLANDER_6,10,3,480,-56.5847441630001,0.01,1024,0.8,1,110.359494447708,
PB2_LUNARLANDER_6,10,4,640,-6.85730745662522,0.009968536572447,1024,0.8,0.763937585008144,170.315510511398,
PB2_LUNARLANDER_6,10,5,800,-26.3381927591993,0.00761784826832647,631,0.828181455273921,0.352902308496675,229.473288536072,
PB2_LUNARLANDER_6,10,6,960,-24.4909707199509,0.0001,1024,0.999,0.01,312.616825819016,
PB2_LUNARLANDER_6,10,7,1120,-23.9063195235746,0.0001,1024,0.999,0.01,399.886025667191,
PB2_LUNARLANDER_6,10,8,1280,-15.4766739189843,0.01,109,0.8,0.01,509.090024471283,
PB2_LUNARLANDER_6,10,9,1440,71.4513841439953,0.00501921623497349,424,0.8,0.0588786348365763,606.209707260132,
PB2_LUNARLANDER_6,10,10,1600,139.637809433872,0.00504810913401831,433,0.8,0.0649844926925734,708.064452409744,
PB2_LUNARLANDER_6,10,11,1760,-21.1743175702171,0.00398845391594454,362,0.810594507059098,0.471233183832023,771.227038860321,
PB2_LUNARLANDER_6,10,12,1920,64.3101466768387,0.00531221467635675,379,0.8,0.056460449952368,831.892868280411,
PB2_LUNARLANDER_6,10,13,2080,44.9878932190447,0.00272472895848762,403,0.801902548225193,0.137615894022137,886.682319879532,
PB2_LUNARLANDER_6,10,14,2240,140.943372558775,0.00398845391594454,362,0.810594507059098,0.471233183832023,966.629118919373,
PB2_LUNARLANDER_6,10,15,2400,7.18028465622002,0.00398845391594454,362,0.810594507059098,0.471233183832023,1028.86047267914,
PB2_LUNARLANDER_6,10,16,2560,-26.2527870577456,0.00531221467635675,379,0.8,0.056460449952368,1094.84728145599,
PB2_LUNARLANDER_6,10,17,2720,28.9977989843389,0.00170116802488794,623,0.981201920282349,0.207599706041269,1163.9044907093,
PB2_LUNARLANDER_6,10,18,2880,205.655697561183,0.00170116802488794,623,0.981201920282349,0.207599706041269,1212.13613200188,2880
PB2_LUNARLANDER_6,11,1,160,-22.5946551883701,0.00733435564901849,103,0.840811853086271,0.212116216213928,15.8221323490143,
PB2_LUNARLANDER_6,11,2,320,-59.3811836213582,0.00733435564901849,103,0.840811853086271,0.212116216213928,78.0484147071838,
PB2_LUNARLANDER_6,11,3,480,-15.7639900705668,0.00880921653452306,1022,0.988992439344001,0.114711204592975,148.255685567856,
PB2_LUNARLANDER_6,11,4,640,184.975344767115,0.00880921653452306,1022,0.988992439344001,0.114711204592975,259.256910085678,
PB2_LUNARLANDER_6,11,5,800,198.783749253747,0.00880921653452306,1022,0.988992439344001,0.114711204592975,330.272460222244,
PB2_LUNARLANDER_6,11,6,960,120.058594585264,0.00378843378836338,26,0.973569125896014,0.702527239696712,407.934105396271,
PB2_LUNARLANDER_6,11,7,1120,210.191085362395,0.00880921653452306,1022,0.988992439344001,0.114711204592975,449.201099395752,1120
PB2_LUNARLANDER_6,12,1,160,-37.504816164366,0.00300233571532344,193,0.978953099888211,0.667404623188443,16.172415971756,
PB2_LUNARLANDER_6,12,2,320,-111.913006734262,0.00300233571532344,193,0.978953099888211,0.667404623188443,46.5707004070282,
PB2_LUNARLANDER_6,12,3,480,37.4721300962958,0.00270992713425116,367,0.807305594114724,0.199927475378212,99.7154843807221,
PB2_LUNARLANDER_6,12,4,640,19.4298305272334,0.00147690883784905,688,0.810236861857029,0.178857458582447,185.108022689819,
PB2_LUNARLANDER_6,12,5,800,-14.6676629358497,0.00270992713425116,367,0.807305594114724,0.199927475378212,259.421830654144,
PB2_LUNARLANDER_6,12,6,960,79.5002647627362,0.00270992713425116,367,0.807305594114724,0.199927475378212,323.551110982895,
PB2_LUNARLANDER_6,12,7,1120,57.5764495389002,0.00743890381871649,685,0.829227110056452,0.322274416506906,387.388513326645,
PB2_LUNARLANDER_6,12,8,1280,148.777691092352,0.000100000043097633,1024,0.99899999799897,0.0100000104792092,490.771353721619,
PB2_LUNARLANDER_6,12,9,1440,213.403659210002,0.000100000043097633,1024,0.99899999799897,0.0100000104792092,590.254773378372,1440
PB2_LUNARLANDER_6,13,1,160,-140.309017487434,0.0016057940859457,176,0.965297954869155,0.619720181930551,13.3804528713226,
PB2_LUNARLANDER_6,13,2,320,-80.7487087055652,0.000690866574377005,331,0.904752212805535,0.438493113222788,41.4667375087738,
PB2_LUNARLANDER_6,13,3,480,-33.5013080443757,0.01,1024,0.999,0.01,112.853197336197,
PB2_LUNARLANDER_6,13,4,640,71.6534717130759,0.0001,1024,0.8,0.01,200.403292179108,
PB2_LUNARLANDER_6,13,5,800,191.042033191698,0.01,1024,0.999,0.0100000316218725,274.666965007782,
PB2_LUNARLANDER_6,13,6,960,225.381711174456,0.00963301470250876,128,0.911993267945909,0.588640726221246,324.313004016876,960
PB2_LUNARLANDER_6,14,1,160,-143.309573151889,0.00814159580796178,748,0.933421575429884,0.696621047530407,14.3723635673523,
PB2_LUNARLANDER_6,14,2,320,-74.0217378048084,0.00814159580796178,748,0.933421575429884,0.696621047530407,32.335569858551,
PB2_LUNARLANDER_6,14,3,480,-32.8413877127354,0.00814159580796178,748,0.933421575429884,0.696621047530407,70.6729233264923,
PB2_LUNARLANDER_6,14,4,640,7.77371327356079,0.0001,1024,0.999,1,154.561383724213,
PB2_LUNARLANDER_6,14,5,800,121.505970421396,0.00305749385794999,726,0.977109562099457,0.0547845258089257,227.340848207474,
PB2_LUNARLANDER_6,14,6,960,178.849674196059,0.00233995572906753,408,0.988111683268731,0.206103753478169,327.66131901741,
PB2_LUNARLANDER_6,14,7,1120,263.022181993494,0.00233995572906753,408,0.988111683268731,0.206103753478169,378.446598768234,1120
PB2_LUNARLANDER_6,15,1,160,-115.431342983116,0.00494738582522534,936,0.82433009695719,0.788661716613806,14.3272395133972,
PB2_LUNARLANDER_6,15,2,320,-95.4898662275786,0.00362445896816022,482,0.998890088210104,0.676086967273011,34.721697807312,
PB2_LUNARLANDER_6,15,3,480,-99.8153060428562,0.00664204923097652,651,0.982618824890466,0.0381698455795505,84.339209318161,
PB2_LUNARLANDER_6,15,4,640,22.6164485367848,0.01,1024,0.999,0.0100000000000001,149.133656263351,
PB2_LUNARLANDER_6,15,5,800,110.843469012377,0.0001,1024,0.8,0.01,201.282375812531,
PB2_LUNARLANDER_6,15,6,960,-39.9023390934276,0.00698469623660285,629,0.971542646096604,0.0747707506914246,271.03998208046,
PB2_LUNARLANDER_6,15,7,1120,51.2439588802865,0.0001,1024,0.8,0.01,356.672467708588,
PB2_LUNARLANDER_6,15,8,1280,223.055933520671,0.00366988272609913,428,0.999,0.708616548572531,410.525476455689,1280
PB2_LUNARLANDER_6,16,1,160,-98.414746241167,0.00984491517179161,566,0.906499747286339,0.162254916089834,15.0375964641571,
PB2_LUNARLANDER_6,16,2,320,-64.6209005335994,0.00984491517179161,566,0.906499747286339,0.162254916089834,66.8794410228729,
PB2_LUNARLANDER_6,16,3,480,-51.2487605675792,0.0001,16,0.999,1,126.245259523392,
PB2_LUNARLANDER_6,16,4,640,-42.7202048066212,0.0001,1024,0.999,0.01,178.800586223602,
PB2_LUNARLANDER_6,16,5,800,0.782954547916151,0.0001,16,0.999,0.01,250.628580570221,
PB2_LUNARLANDER_6,16,6,960,67.4865135469951,0.000100000060613431,1024,0.998999999650774,0.999999997459356,300.664727926254,
PB2_LUNARLANDER_6,16,7,1120,165.755118029698,0.0001,521,0.999,0.0100000304376019,336.42383480072,
PB2_LUNARLANDER_6,16,8,1280,212.944938958326,0.0001,521,0.999,0.0100000304376019,425.755909442902,1280
PB2_LUNARLANDER_6,17,1,160,-91.9477200762052,0.00574489403426069,893,0.935071269657825,0.11654227878015,15.5219659805298,
PB2_LUNARLANDER_6,17,2,320,-79.7690412278215,0.00574489403426069,893,0.935071269657825,0.11654227878015,73.2383370399475,
PB2_LUNARLANDER_6,17,3,480,-3.48353106398988,0.00753363810138392,205,0.991614564533455,0.0921647415443484,162.791010141373,
PB2_LUNARLANDER_6,17,4,640,65.1397917210897,0.00753363810138392,205,0.991614564533455,0.0921647415443484,255.476938962936,
PB2_LUNARLANDER_6,17,5,800,121.582098454461,0.00753363810138392,205,0.991614564533455,0.0921647415443484,315.488679170609,
PB2_LUNARLANDER_6,17,6,960,235.462659340986,0.00655958341289119,790,0.998999999070989,0.0100000046217116,379.257720947266,960
PB2_LUNARLANDER_6,18,1,160,-83.0369028952382,0.00588566612653531,929,0.843055305709925,0.831409103417087,15.0619668960571,
PB2_LUNARLANDER_6,18,2,320,-57.3535128007916,0.00844130259453833,404,0.888035206960431,0.358596894822788,60.4542450904846,
PB2_LUNARLANDER_6,18,3,480,142.8493886793,0.01,1024,0.999,0.01,112.432906389236,
PB2_LUNARLANDER_6,18,4,640,116.590977693995,0.00838010066579578,622,0.980505546812426,0.314842588251287,154.593162059784,
PB2_LUNARLANDER_6,18,5,800,22.6119215878414,0.01,16,0.971186747305171,0.01,201.357904434204,
PB2_LUNARLANDER_6,18,6,960,123.620026995531,0.01,203,0.999,0.01,257.554607152939,
PB2_LUNARLANDER_6,18,7,1120,198.828647705104,0.01,1024,0.999,0.01,319.901202201843,
PB2_LUNARLANDER_6,18,8,1280,258.81998487839,0.00297050745223494,1024,0.999,0.01,357.52404999733,1280
PB2_LUNARLANDER_6,19,1,160,-95.8397232000835,0.0075294352157905,808,0.837459760279296,0.0579305049949909,17.926148891449,
PB2_LUNARLANDER_6,19,2,320,0.327304511847859,0.003283046757922,224,0.855500314527916,0.258072967705974,71.6150784492493,
PB2_LUNARLANDER_6,19,3,480,152.655013878218,0.003283046757922,224,0.855500314527916,0.258072967705974,146.503058671951,
PB2_LUNARLANDER_6,19,4,640,127.379015607584,0.00322510937262523,230,0.810539355990578,0.442913504915284,209.380399465561,
PB2_LUNARLANDER_6,19,5,800,-10.3706875463278,0.00509988165804272,878,0.847945748921953,0.0780230108463471,280.883466959,
PB2_LUNARLANDER_6,19,6,960,43.9204491508621,0.00853722006136374,1024,0.8,1,351.079785346985,
PB2_LUNARLANDER_6,19,7,1120,-23.9919217526009,0.00999999999959246,1024,0.800000000000793,0.829064445204774,380.171968698502,
PB2_LUNARLANDER_6,19,8,1280,-28.7104694189849,0.00500187185900511,302,0.830323448178137,0.280407223106481,451.969249725342,
PB2_LUNARLANDER_6,19,9,1440,-14.1865878440214,0.00411256093891263,310,0.955962646188355,0.0739572504069433,498.671758890152,
PB2_LUNARLANDER_6,19,10,1600,-14.8071492546464,0.0001,16,0.999,0.01,582.35103726387,
PB2_LUNARLANDER_6,19,11,1760,128.285774496441,0.0099999999998938,389,0.982801886533838,0.694566700859198,629.379485845566,
PB2_LUNARLANDER_6,19,12,1920,179.506213581576,0.01,650,0.998999995478086,0.382494804085571,667.018669843674,
PB2_LUNARLANDER_6,19,13,2080,132.058859881885,0.01,650,0.998999995478086,0.382494804085571,754.062319040299,
PB2_LUNARLANDER_6,19,14,2240,220.080475477055,0.00314279634527149,693,0.930962109626635,0.666817890006066,801.814200639725,2240
PB2_LUNARLANDER_7,1,1,160,-74.7495966269886,0.00832246119046976,333,0.856608910693404,0.87058481784955,13.1156973838806,
PB2_LUNARLANDER_7,1,2,320,-81.0472030843684,0.00832246119046976,333,0.856608910693404,0.87058481784955,32.8979508876801,
PB2_LUNARLANDER_7,1,3,480,-5.98229172434129,0.000855353352896361,1024,0.999,0.01,75.4867339134216,
PB2_LUNARLANDER_7,1,4,640,-8.85162579667166,0.01,1024,0.8,0.01,143.005675077438,
PB2_LUNARLANDER_7,1,5,800,4.76958704610825,0.000855353352896361,1024,0.999,0.01,228.720739603043,
PB2_LUNARLANDER_7,1,6,960,141.548611975489,0.00428977798683086,950,0.99653696703415,0.177743819204465,338.528565645218,
PB2_LUNARLANDER_7,1,7,1120,226.11319631017,0.00428977798683086,950,0.99653696703415,0.177743819204465,406.989875078201,1120
PB2_LUNARLANDER_7,2,1,160,-55.5182294939885,0.00703821550864313,171,0.832243111301331,0.581626689819869,14.35142827034,
PB2_LUNARLANDER_7,2,2,320,158.673736489305,0.0072381897130062,757,0.895853377517584,0.359293969614369,60.7547397613525,
PB2_LUNARLANDER_7,2,3,480,43.7246688946087,0.00849947931714545,833,0.989863679131872,0.319945857924484,126.008098125458,
PB2_LUNARLANDER_7,2,4,640,210.571028955529,0.00849947931714545,833,0.989863679131872,0.319945857924484,199.84320306778,640
PB2_LUNARLANDER_7,3,1,160,42.4334265458783,0.00598150158089567,859,0.910750383313337,0.323259494425215,13.3097052574158,
PB2_LUNARLANDER_7,3,2,320,0.416267299936197,0.000897039236251711,696,0.884888605530562,0.0108526661842488,64.3538517951965,
PB2_LUNARLANDER_7,3,3,480,-41.8681729291425,0.0001,16,0.999,1,137.631689548492,
PB2_LUNARLANDER_7,3,4,640,-1.8766300402049,0.0001,16,0.999,1,203.290337324142,
PB2_LUNARLANDER_7,3,5,800,-1.85728031120909,0.0001,16,0.999,1,244.711703300476,
PB2_LUNARLANDER_7,3,6,960,-39.4889764679111,0.00903150428450432,131,0.985056278174205,0.0445780777862346,325.3930580616,
PB2_LUNARLANDER_7,3,7,1120,227.675464706283,0.00802001546524033,355,0.994388631974147,0.0167938114576144,416.779386520386,1120
PB2_LUNARLANDER_7,4,1,160,-101.000367784462,0.000731254892661866,502,0.871209547820964,0.857878771544062,15.7547471523285,
PB2_LUNARLANDER_7,4,2,320,-51.3716673980778,0.000731254892661866,502,0.871209547820964,0.857878771544062,34.8177733421326,
PB2_LUNARLANDER_7,4,3,480,-39.1686485158492,0.000731254892661866,502,0.871209547820964,0.857878771544062,83.879340171814,
PB2_LUNARLANDER_7,4,4,640,47.2411194321881,0.0001,16,0.8,1,115.622753143311,
PB2_LUNARLANDER_7,4,5,800,196.338567149605,0.0001,16,0.999,0.01,175.114861726761,
PB2_LUNARLANDER_7,4,6,960,167.714286607191,0.0001,16,0.998999999990601,0.0100000000094323,214.561148405075,
PB2_LUNARLANDER_7,4,7,1120,174.954194299417,0.0001,16,0.998999999990601,0.0100000000094323,295.592214584351,
PB2_LUNARLANDER_7,4,8,1280,230.584241081602,0.0001,1024,0.999,0.01,333.926627874374,1280
PB2_LUNARLANDER_7,5,1,160,-75.5890280557124,0.0063039064322081,579,0.943665968642508,0.984704564976496,14.1059148311615,
PB2_LUNARLANDER_7,5,2,320,-36.4629655605639,0.00886665568143795,1013,0.947890909066478,0.800756339897132,36.0570666790009,
PB2_LUNARLANDER_7,5,3,480,-53.7418326523416,0.0088540630615638,913,0.944785533050676,0.239074803247564,112.215547323227,
PB2_LUNARLANDER_7,5,4,640,158.383662913685,0.00930147100360536,611,0.985216372167262,0.0117021006145263,203.839142560959,
PB2_LUNARLANDER_7,5,5,800,205.243688280587,0.00930147100360536,611,0.985216372167262,0.0117021006145263,270.663100242615,800
PB2_LUNARLANDER_7,6,1,160,-98.8864400230854,0.00240793626053611,743,0.883254936227623,0.132881655973694,14.3655791282654,
PB2_LUNARLANDER_7,6,2,320,110.955843153199,0.00834389639976385,83,0.806802154494995,0.284153693085573,75.982084274292,
PB2_LUNARLANDER_7,6,3,480,-7.45811585657424,0.01,16,0.8,1,131.985936164856,
PB2_LUNARLANDER_7,6,4,640,45.0617373703029,0.00834389639976385,83,0.806802154494995,0.284153693085573,220.225253105164,
PB2_LUNARLANDER_7,6,5,800,10.3179452769543,0.0001,16,0.999,1,272.662705183029,
PB2_LUNARLANDER_7,6,6,960,71.5863049527409,0.0001,16,0.999,1,314.211950778961,
PB2_LUNARLANDER_7,6,7,1120,-9.33796794493062,0.0001,16,0.999,1,346.439451217651,
PB2_LUNARLANDER_7,6,8,1280,22.4967968531124,0.0001,16,0.999,1,394.420887470245,
PB2_LUNARLANDER_7,6,9,1440,52.4005171819569,0.0001,16,0.999,1,435.618263721466,
PB2_LUNARLANDER_7,6,10,1600,-38.7311432450351,0.0001,16,0.999,1,487.512894392014,
PB2_LUNARLANDER_7,6,11,1760,4.22088092337207,0.00207756222734226,167,0.982516147984096,0.419832263326692,541.650555849075,
PB2_LUNARLANDER_7,6,12,1920,117.620497655194,0.00207756222734226,167,0.982516147984096,0.419832263326692,597.616199731827,
PB2_LUNARLANDER_7,6,13,2080,201.983280709028,0.00207756222734226,167,0.982516147984096,0.419832263326692,682.790298223496,2080
PB2_LUNARLANDER_7,7,1,160,-84.2010256595323,0.00859996891386934,729,0.813995876651298,0.0754032134258408,19.8035852909088,
PB2_LUNARLANDER_7,7,2,320,98.0137389854448,0.00200405356495071,806,0.904842060399303,0.106660063455237,83.3915479183197,
PB2_LUNARLANDER_7,7,3,480,-69.7882531011618,0.00859996891386934,729,0.813995876651298,0.0754032134258408,168.292231082916,
PB2_LUNARLANDER_7,7,4,640,36.4895910931738,0.00859996891386934,729,0.813995876651298,0.0754032134258408,239.371625900269,
PB2_LUNARLANDER_7,7,5,800,-40.3340122750245,0.0001,1024,0.800436928790543,0.01,316.233286857605,
PB2_LUNARLANDER_7,7,6,960,-104.851494012245,0.0001,1024,0.999,1,367.3297123909,
PB2_LUNARLANDER_7,7,7,1120,-77.9934005373919,0.01,1024,0.816649874620155,0.0928310390678209,444.093035459518,
PB2_LUNARLANDER_7,7,8,1280,32.7740491607682,0.0001,1024,0.999,1,479.482460737228,
PB2_LUNARLANDER_7,7,9,1440,-4.65965684655049,0.01,1024,0.816649874620155,0.0928310390678209,521.403742074966,
PB2_LUNARLANDER_7,7,10,1600,24.9308230651496,0.0001,1024,0.999,1,557.705944776535,
PB2_LUNARLANDER_7,7,11,1760,149.598882558324,0.0001,1024,0.988544136158367,0.01,601.260233163834,
PB2_LUNARLANDER_7,7,12,1920,224.350011565209,0.0001,1024,0.999,0.01,651.380342006683,1920
PB2_LUNARLANDER_7,8,1,160,-105.223165612398,0.00073529097434947,906,0.929380662712761,0.232419344533415,18.9351634979248,
PB2_LUNARLANDER_7,8,2,320,32.8965544188741,0.00073529097434947,906,0.929380662712761,0.232419344533415,91.9443793296814,
PB2_LUNARLANDER_7,8,3,480,7.18504194806555,0.00653806090415733,538,0.984448629838938,0.181982519342567,171.118715763092,
PB2_LUNARLANDER_7,8,4,640,104.429951969002,0.00653806090415733,538,0.984448629838938,0.181982519342567,244.468476057053,
PB2_LUNARLANDER_7,8,5,800,197.826253622888,0.00653806090415733,538,0.984448629838938,0.181982519342567,299.640569925308,
PB2_LUNARLANDER_7,8,6,960,187.801417469599,0.00653806090415733,538,0.984448629838938,0.181982519342567,366.632847547531,
PB2_LUNARLANDER_7,8,7,1120,241.137664178563,0.00103387484722629,613,0.999,0.01,426.232392787933,1120
PB2_LUNARLANDER_7,9,1,160,-169.262955154253,0.00100426325607418,455,0.930247191778969,0.112933106660145,12.4991233348846,
PB2_LUNARLANDER_7,9,2,320,-50.1619020787292,0.00100426325607418,455,0.930247191778969,0.112933106660145,73.0661861896515,
PB2_LUNARLANDER_7,9,3,480,-40.3419403165548,0.00513149636738037,852,0.982082635485149,0.145826354455026,152.910280227661,
PB2_LUNARLANDER_7,9,4,640,126.327469938738,0.00513149636738037,852,0.982082635485149,0.145826354455026,230.707223653793,
PB2_LUNARLANDER_7,9,5,800,218.956641348255,0.00513149636738037,852,0.982082635485149,0.145826354455026,320.501062631607,800
PB2_LUNARLANDER_7,10,1,160,-26.6340578240953,0.00814740391742376,153,0.957402401248126,0.904350467160644,12.4896068572998,
PB2_LUNARLANDER_7,10,2,320,-59.6265487492314,0.00941990116269937,640,0.910385612992775,0.458534494991442,47.587141752243,
PB2_LUNARLANDER_7,10,3,480,-96.0655355380412,0.00107042229239564,154,0.856822347338905,0.30220814065457,108.87282204628,
PB2_LUNARLANDER_7,10,4,640,-102.707665646119,0.00107042229239564,154,0.856822347338905,0.30220814065457,167.001277208328,
PB2_LUNARLANDER_7,10,5,800,-24.3688545366117,0.00107042229239564,154,0.856822347338905,0.30220814065457,228.023045063019,
PB2_LUNARLANDER_7,10,6,960,-13.9261369788347,0.01,16,0.8,0.01,287.43961930275,
PB2_LUNARLANDER_7,10,7,1120,54.2790898754215,0.01,16,0.8,0.01,346.456115007401,
PB2_LUNARLANDER_7,10,8,1280,-64.4290884466778,0.00586336462762813,630,0.818685665414387,0.779779147448944,391.81866145134,
PB2_LUNARLANDER_7,10,9,1440,101.706586913781,0.00602314732662057,28,0.800835100715193,0.422994356338432,471.233685970306,
PB2_LUNARLANDER_7,10,10,1600,73.5915653941959,0.00314092297639518,500,0.962778880538132,0.0977962185336514,543.143990039825,
PB2_LUNARLANDER_7,10,11,1760,132.746931632144,0.01,1024,0.999,0.01,612.936089515686,
PB2_LUNARLANDER_7,10,12,1920,239.413520318218,0.01,1024,0.999,0.01,667.123522758484,1920
PB2_LUNARLANDER_7,11,1,160,-104.408951894965,0.00921926645917213,638,0.806966899675509,0.624816899717687,16.5833449363709,
PB2_LUNARLANDER_7,11,2,320,-4.51154626695352,0.00921926645917213,638,0.806966899675509,0.624816899717687,41.9278028011322,
PB2_LUNARLANDER_7,11,3,480,15.905294570319,0.00358521990582282,244,0.990926497550015,0.124121743233479,84.059267282486,
PB2_LUNARLANDER_7,11,4,640,161.658495681095,0.00358521990582282,244,0.990926497550015,0.124121743233479,135.181243658066,
PB2_LUNARLANDER_7,11,5,800,221.392157985543,0.00358521990582282,244,0.990926497550015,0.124121743233479,193.491282224655,800
PB2_LUNARLANDER_7,12,1,160,-158.801135897977,0.00567558126549627,61,0.856102510081142,0.648254959585024,15.3058319091797,
PB2_LUNARLANDER_7,12,2,320,-1.63689320321412,0.00906160819452018,228,0.947647994495275,0.305740546511124,42.4663088321686,
PB2_LUNARLANDER_7,12,3,480,25.1952494102414,0.00906160819452018,228,0.947647994495275,0.305740546511124,100.310294628143,
PB2_LUNARLANDER_7,12,4,640,1.19741618017754,0.00999999884462261,1024,0.998999976327518,0.981406086045661,196.655641794205,
PB2_LUNARLANDER_7,12,5,800,-11.4514236392424,0.00999999884462261,1024,0.998999976327518,0.981406086045661,258.588674068451,
PB2_LUNARLANDER_7,12,6,960,128.204160496656,0.00996903079644618,482,0.956668698372112,0.439449094622677,290.829165458679,
PB2_LUNARLANDER_7,12,7,1120,168.66120339062,0.00106807208292811,115,0.999,0.902241058940436,349.71860909462,
PB2_LUNARLANDER_7,12,8,1280,75.6609774214494,0.00106807208292811,115,0.999,0.902241058940436,395.794894933701,
PB2_LUNARLANDER_7,12,9,1440,110.006271491353,0.000100000475624102,16,0.999,0.01,433.551596879959,
PB2_LUNARLANDER_7,12,10,1600,146.57799160617,0.00106807208292811,115,0.999,0.902241058940436,468.391284942627,
PB2_LUNARLANDER_7,12,11,1760,136.923323284463,0.00106807208292811,115,0.999,0.902241058940436,527.756479740143,
PB2_LUNARLANDER_7,12,12,1920,181.097832932847,0.01,1024,0.999,0.01,595.955681562424,
PB2_LUNARLANDER_7,12,13,2080,162.648940666307,0.01,1024,0.999,0.01,652.103217601776,
PB2_LUNARLANDER_7,12,14,2240,190.073082561993,0.0068218906863595,349,0.999,0.514333540688226,700.48875784874,
PB2_LUNARLANDER_7,12,15,2400,108.912255770089,0.00253337840352516,480,0.999,0.619902491992177,733.851318836212,
PB2_LUNARLANDER_7,12,16,2560,241.837148127482,0.00253337840352516,480,0.999,0.619902491992177,782.835284948349,2560
PB2_LUNARLANDER_7,13,1,160,-34.9572301008514,0.00724199871781879,171,0.944175156648544,0.350081219254876,15.4177482128143,
PB2_LUNARLANDER_7,13,2,320,-94.6633362839926,0.00724199871781879,171,0.944175156648544,0.350081219254876,52.1532247066498,
PB2_LUNARLANDER_7,13,3,480,-40.955013640622,0.00724199871781879,171,0.944175156648544,0.350081219254876,110.137433290482,
PB2_LUNARLANDER_7,13,4,640,69.8642013115234,0.00405291521973919,446,0.978756262389915,0.279573616259973,179.791926383972,
PB2_LUNARLANDER_7,13,5,800,113.219368450333,0.00405291521973919,446,0.978756262389915,0.279573616259973,291.668334722519,
PB2_LUNARLANDER_7,13,6,960,211.373568315816,0.00405291521973919,446,0.978756262389915,0.279573616259973,353.57727098465,960
PB2_LUNARLANDER_7,14,1,160,-80.3518527433262,0.00385986589577628,415,0.998892096422684,0.0589275638836704,17.8709456920624,
PB2_LUNARLANDER_7,14,2,320,37.7094284412812,0.00910835281720817,869,0.895058987583287,0.0503797795650572,82.8650903701782,
PB2_LUNARLANDER_7,14,3,480,36.3929111817745,0.01,1024,0.8,1,152.600074052811,
PB2_LUNARLANDER_7,14,4,640,3.35666916977245,0.00114174766130323,743,0.979389684061767,0.857417079962421,207.011135101318,
PB2_LUNARLANDER_7,14,5,800,26.8348340226154,0.00114174766130323,743,0.979389684061767,0.857417079962421,271.260988235474,
PB2_LUNARLANDER_7,14,6,960,46.0040537933779,0.00114174766130323,743,0.979389684061767,0.857417079962421,314.731265544891,
PB2_LUNARLANDER_7,14,7,1120,-38.6497393075082,0.00114174766130323,743,0.979389684061767,0.857417079962421,357.508371114731,
PB2_LUNARLANDER_7,14,8,1280,82.0492897150591,0.0001,1024,0.999,1,399.631045341492,
PB2_LUNARLANDER_7,14,9,1440,128.816467629978,0.00285997864085913,977,0.993715722677349,0.228666757135125,447.747906208038,
PB2_LUNARLANDER_7,14,10,1600,209.697539930427,0.00285997864085913,977,0.993715722677349,0.228666757135125,505.821131229401,1600
PB2_LUNARLANDER_7,15,1,160,-87.8182084993041,0.0071442205285487,723,0.800488783399218,0.14911331118454,15.6464974880219,
PB2_LUNARLANDER_7,15,2,320,136.516588862741,0.00967141255661024,168,0.847202501877169,0.23180941262062,47.474258184433,
PB2_LUNARLANDER_7,15,3,480,-71.4595434855146,0.00321505606192328,613,0.906986317811077,0.371551112008775,87.8041658401489,
PB2_LUNARLANDER_7,15,4,640,80.7031728037433,0.0082476949512182,513,0.813897495219615,0.262693178812147,181.047288656235,
PB2_LUNARLANDER_7,15,5,800,13.7927618345455,0.00862915481473777,670,0.991109820042101,0.0765257623027201,228.167728185654,
PB2_LUNARLANDER_7,15,6,960,163.360664216906,0.00862915481473777,670,0.991109820042101,0.0765257623027201,274.207057952881,
PB2_LUNARLANDER_7,15,7,1120,209.206419817003,0.0001,16,0.8,1,337.237054824829,1120
PB2_LUNARLANDER_7,16,1,160,-75.87185418171,0.00754525031734107,228,0.852299421400737,0.299118664077509,13.0323710441589,
PB2_LUNARLANDER_7,16,2,320,136.524535771729,0.00078242522486963,343,0.920514598348278,0.505355934399313,41.2892360687256,
PB2_LUNARLANDER_7,16,3,480,-10.553526991175,0.01,1024,0.999,0.01,101.2557284832,
PB2_LUNARLANDER_7,16,4,640,105.954096532457,0.01,1024,0.999,0.01,164.794242858887,
PB2_LUNARLANDER_7,16,5,800,143.674184249185,0.00999999997518149,1024,0.999,0.0100000046291641,222.961448669434,
PB2_LUNARLANDER_7,16,6,960,93.4804647741657,0.00999999997518149,1024,0.999,0.0100000046291641,272.599475860596,
PB2_LUNARLANDER_7,16,7,1120,183.73850155417,0.0001,1024,0.999,0.01,333.495470285416,
PB2_LUNARLANDER_7,16,8,1280,127.156580910599,0.00636667988000825,521,0.974833939630953,0.478609663493954,376.312488794327,
PB2_LUNARLANDER_7,16,9,1440,44.4442369826883,0.0001,1024,0.999,1,415.98574090004,
PB2_LUNARLANDER_7,16,10,1600,200.615826809396,0.00636667988000825,521,0.974833939630953,0.478609663493954,441.656867742538,1600
PB2_LUNARLANDER_7,17,1,160,-103.912262483915,0.00818916127986094,155,0.830475131213305,0.42005693300718,17.267035484314,
PB2_LUNARLANDER_7,17,2,320,21.0529744796043,0.00818916127986094,155,0.830475131213305,0.42005693300718,60.546954870224,
PB2_LUNARLANDER_7,17,3,480,1.93222843265888,0.01,1024,0.8,1,106.63417840004,
PB2_LUNARLANDER_7,17,4,640,63.4914161851857,0.01,1024,0.8,1,147.06284737587,
PB2_LUNARLANDER_7,17,5,800,19.8004390051085,0.0001,16,0.8,0.0100000163011489,202.20005774498,
PB2_LUNARLANDER_7,17,6,960,86.6818994460429,0.0001,16,0.8,0.01,268.137744426727,
PB2_LUNARLANDER_7,17,7,1120,86.0725825451207,0.0001,16,0.8,0.01,355.68448638916,
PB2_LUNARLANDER_7,17,8,1280,136.855914993424,0.0001,16,0.8,0.01,418.494908809662,
PB2_LUNARLANDER_7,17,9,1440,53.1536452191464,0.00016703485112236,410,0.840418107083802,0.919153002959251,472.591673374176,
PB2_LUNARLANDER_7,17,10,1600,31.0141499112553,0.00451269020625917,189,0.901650888212616,0.809461052741991,512.187966823578,
PB2_LUNARLANDER_7,17,11,1760,36.8999416199697,0.00450317745679866,276,0.99692196407923,0.136910051365157,579.580739021301,
PB2_LUNARLANDER_7,17,12,1920,113.392771525494,0.00450317745679866,276,0.99692196407923,0.136910051365157,618.841078519821,
PB2_LUNARLANDER_7,17,13,2080,168.237881171131,0.0025524343276529,434,0.970033694800377,0.212604481393944,692.038727521896,
PB2_LUNARLANDER_7,17,14,2240,108.701520380946,0.00111624890018928,1020,0.993780346683768,0.167922239443128,770.629655599594,
PB2_LUNARLANDER_7,17,15,2400,236.015626202323,0.00111624890018928,1020,0.993780346683768,0.167922239443128,822.560817956924,2400
PB2_LUNARLANDER_7,1,1,160,73.6381635005286,0.00887752490701074,150,0.857912882819777,0.554638789315521,15.3411729335785,
PB2_LUNARLANDER_7,1,2,320,-37.2270096528125,0.00318447656996359,336,0.914287702231919,0.386110987853186,62.4760539531708,
PB2_LUNARLANDER_7,1,3,480,-51.0465732948034,0.00105504070027214,365,0.917478383210971,0.848110027659312,107.107033967972,
PB2_LUNARLANDER_7,1,4,640,-34.782252363408,0.000310926239508379,37,0.818630138169877,0.881795482808759,133.000264644623,
PB2_LUNARLANDER_7,1,5,800,3.04507466012878,0.01,1024,0.8,1,192.816630363464,
PB2_LUNARLANDER_7,1,6,960,-7.6246318589675,0.00555801161755563,454,0.920708200895678,0.776538215590942,240.770129203796,
PB2_LUNARLANDER_7,1,7,1120,264.877532094288,0.00891918029884632,463,0.992977403539956,0.22766935345332,293.512204647064,1120
PB2_LUNARLANDER_7,2,1,160,-20.2797568176453,0.00915946990792199,1007,0.89321089972118,0.110943962140048,17.2063691616058,
PB2_LUNARLANDER_7,2,2,320,-113.907211224626,0.00915946990792199,1007,0.89321089972118,0.110943962140048,65.2902286052704,
PB2_LUNARLANDER_7,2,3,480,-51.7187733827983,0.00622256273921659,345,0.801976185245718,0.721627014457689,131.963030338287,
PB2_LUNARLANDER_7,2,4,640,-16.7415095588921,0.0001,1024,0.999,0.01,204.095841169357,
PB2_LUNARLANDER_7,2,5,800,135.36589853634,0.00153564921096522,16,0.998999661240315,0.01,269.914186000824,
PB2_LUNARLANDER_7,2,6,960,82.2443085978972,0.00153564921096522,16,0.998999661240315,0.01,323.269022941589,
PB2_LUNARLANDER_7,2,7,1120,86.510470954744,0.01,1024,0.999,1,375.449153423309,
PB2_LUNARLANDER_7,2,8,1280,35.0273024361507,0.00953703341959332,804,0.970841498705398,0.257110556150811,415.217971086502,
PB2_LUNARLANDER_7,2,9,1440,156.482328306692,0.00155524094093371,371,0.996942912505636,0.546871577469117,441.891878128052,
PB2_LUNARLANDER_7,2,10,1600,163.716752631095,0.00953703341959332,804,0.970841498705398,0.257110556150811,474.253641843796,
PB2_LUNARLANDER_7,2,11,1760,199.733648278764,0.0001,795,0.999,0.627915550259871,518.282922029495,
PB2_LUNARLANDER_7,2,12,1920,203.069590775959,0.00089810333635599,653,0.998999998550444,0.506017161217081,575.669963598251,1920
PB2_LUNARLANDER_7,3,1,160,-130.599436698418,0.00327928153021677,904,0.906291004903575,0.0588450582434596,12.4828014373779,
PB2_LUNARLANDER_7,3,2,320,-94.518565911317,0.00756609411900074,161,0.896116296995099,0.613877187798027,43.9512195587158,
PB2_LUNARLANDER_7,3,3,480,-36.1243439244766,0.00999999945441389,1024,0.998999992373995,0.01,81.4209253787994,
PB2_LUNARLANDER_7,3,4,640,-10.6515358512384,0.00999999945441389,1024,0.998999992373995,0.01,130.553813457489,
PB2_LUNARLANDER_7,3,5,800,14.1132410566827,0.01,1024,0.999,1,165.338025569916,
PB2_LUNARLANDER_7,3,6,960,64.2229012344318,0.00999999945441389,1024,0.998999992373995,0.01,184.107295274735,
PB2_LUNARLANDER_7,3,7,1120,8.51194143458091,0.01,1024,0.999,1,204.910872220993,
PB2_LUNARLANDER_7,3,8,1280,153.657880304718,0.00890796774675068,576,0.825900340775831,0.0942995017024469,240.987614154816,
PB2_LUNARLANDER_7,3,9,1440,-8.82301376944115,0.00890796774675068,576,0.825900340775831,0.0942995017024469,274.499861478806,
PB2_LUNARLANDER_7,3,10,1600,-34.7847391216616,0.00118879368357456,508,0.977405047880278,0.202910200409568,314.951297283173,
PB2_LUNARLANDER_7,3,11,1760,3.02549723276685,0.00496222233115598,852,0.811543700958729,0.520720343849212,354.885928153992,
PB2_LUNARLANDER_7,3,12,1920,56.1372409537394,0.000129400100888429,17,0.998275145028367,0.0126798559333551,428.956915616989,
PB2_LUNARLANDER_7,3,13,2080,-4.39074288050373,0.00403033632271762,364,0.895386836790709,0.935534946654603,473.840320825577,
PB2_LUNARLANDER_7,3,14,2240,-64.2382888967651,0.00460460616103911,532,0.946018220992853,0.214369866017521,524.906188011169,
PB2_LUNARLANDER_7,3,15,2400,-57.0574561429516,0.00460460616103911,532,0.946018220992853,0.214369866017521,578.700832605362,
PB2_LUNARLANDER_7,3,16,2560,62.696884734718,0.00365056732439247,217,0.973162221894258,0.311387908246402,623.24107003212,
PB2_LUNARLANDER_7,3,17,2720,83.4782852798267,0.00365056732439247,217,0.973162221894258,0.311387908246402,707.652634859085,
PB2_LUNARLANDER_7,3,18,2880,215.874134370953,0.00365056732439247,217,0.973162221894258,0.311387908246402,791.533319473267,2880
PB2_LUNARLANDER_7,4,1,160,-38.8855488183544,0.00582605401635372,788,0.819631941397078,0.164149611923999,13.5458023548126,
PB2_LUNARLANDER_7,4,2,320,-2.66263792466754,0.00582605401635372,788,0.819631941397078,0.164149611923999,38.9189097881317,
PB2_LUNARLANDER_7,4,3,480,-65.3734871691014,0.00972058364981401,777,0.807004494944839,0.378080839531202,104.744605779648,
PB2_LUNARLANDER_7,4,4,640,113.035232181681,0.01,16,0.8,0.01,160.332633018494,
PB2_LUNARLANDER_7,4,5,800,134.739887777742,0.00134694588834426,461,0.855702925682369,0.6682363152301,205.104385614395,
PB2_LUNARLANDER_7,4,6,960,7.95050552505968,0.000618999758457086,411,0.828223494374519,0.253072621946412,247.52454996109,
PB2_LUNARLANDER_7,4,7,1120,12.2716650487638,0.00269693495259242,705,0.801546311045009,0.423653054229404,346.199399232864,
PB2_LUNARLANDER_7,4,8,1280,-33.2788154999653,0.00723399562941747,900,0.946596811902753,0.250030652782844,413.35546875,
PB2_LUNARLANDER_7,4,9,1440,17.3321450523666,0.00163327580547087,781,0.817458067810099,0.128399332120618,493.042755842209,
PB2_LUNARLANDER_7,4,10,1600,32.8167729662576,0.0001,1024,0.999,0.01,554.909240007401,
PB2_LUNARLANDER_7,4,11,1760,183.939826577013,0.01,613,0.999,0.01,596.563993692398,
PB2_LUNARLANDER_7,4,12,1920,140.159361610703,0.01,613,0.999,0.01,632.362703800201,
PB2_LUNARLANDER_7,4,13,2080,274.111171550002,0.01,613,0.999,0.01,697.910800933838,2080
PB2_LUNARLANDER_7,5,1,160,-147.486371835507,0.00946753837579072,490,0.98458340369126,0.0810084368557541,14.9404337406158,
PB2_LUNARLANDER_7,5,2,320,-56.9630524399517,0.00946753837579072,490,0.98458340369126,0.0810084368557541,63.9383270740509,
PB2_LUNARLANDER_7,5,3,480,-1.27124827368436,0.00946753837579072,490,0.98458340369126,0.0810084368557541,118.525904655457,
PB2_LUNARLANDER_7,5,4,640,139.972512647415,0.00946753837579072,490,0.98458340369126,0.0810084368557541,162.866878032684,
PB2_LUNARLANDER_7,5,5,800,86.812359697609,0.01,570,0.997298201373012,0.01,240.772919893265,
PB2_LUNARLANDER_7,5,6,960,259.936060251475,0.00946753837579072,490,0.98458340369126,0.0810084368557541,314.881421327591,960
PB2_LUNARLANDER_7,6,1,160,-26.331806974851,0.00251998425957008,908,0.962926869946752,0.200209364093923,13.1243498325348,
PB2_LUNARLANDER_7,6,2,320,6.2527678723265,0.00523707364518159,236,0.984570479620096,0.397240181674905,79.24045586586,
PB2_LUNARLANDER_7,6,3,480,52.1149832695561,0.00523707364518159,236,0.984570479620096,0.397240181674905,167.889074087143,
PB2_LUNARLANDER_7,6,4,640,90.7112889617539,0.00523707364518159,236,0.984570479620096,0.397240181674905,227.43906545639,
PB2_LUNARLANDER_7,6,5,800,98.118485300105,0.00690677158201699,1016,0.980789001690315,0.367662363226728,299.463433980942,
PB2_LUNARLANDER_7,6,6,960,188.132970873836,0.00147212138862201,319,0.979855734135137,0.146247235417588,361.592933177948,
PB2_LUNARLANDER_7,6,7,1120,189.477973068731,0.00690677158201699,1016,0.980789001690315,0.367662363226728,423.182651996613,
PB2_LUNARLANDER_7,6,8,1280,243.142123061158,0.00690677158201699,1016,0.980789001690315,0.367662363226728,481.102269887924,1280
PB2_LUNARLANDER_7,7,1,160,-49.6876168642999,0.00909673621880539,314,0.96972241960061,0.191470338605687,14.5023801326752,
PB2_LUNARLANDER_7,7,2,320,-53.8466101645932,0.00472215943970817,417,0.928130965392657,0.442770096579749,61.6585259437561,
PB2_LUNARLANDER_7,7,3,480,33.9316861933264,0.00909673621880539,314,0.96972241960061,0.191470338605687,142.943301200867,
PB2_LUNARLANDER_7,7,4,640,77.0242328665323,0.00909673621880539,314,0.96972241960061,0.191470338605687,222.262584686279,
PB2_LUNARLANDER_7,7,5,800,88.0250003311332,0.00909673621880539,314,0.96972241960061,0.191470338605687,310.254451274872,
PB2_LUNARLANDER_7,7,6,960,118.997614681877,0.00869192409364807,494,0.973581943880788,0.232401112682842,409.229871273041,
PB2_LUNARLANDER_7,7,7,1120,191.360434064688,0.00909673621880539,314,0.96972241960061,0.191470338605687,466.361645936966,
PB2_LUNARLANDER_7,7,8,1280,136.686243207193,0.00909673621880539,314,0.96972241960061,0.191470338605687,522.959877252579,
PB2_LUNARLANDER_7,7,9,1440,210.522676851315,0.00779238678667869,754,0.987520858605808,0.292980096140938,596.052989244461,1440
PB2_LUNARLANDER_7,8,1,160,-102.438231439476,0.00511854939848528,943,0.923474517977123,0.889499301799292,17.2035744190216,
PB2_LUNARLANDER_7,8,2,320,-71.790775930983,0.00513541163382052,552,0.969990243348682,0.135140886283442,83.2883605957031,
PB2_LUNARLANDER_7,8,3,480,-41.5639221489314,0.00513541163382052,552,0.969990243348682,0.135140886283442,144.663800239563,
PB2_LUNARLANDER_7,8,4,640,52.5031885742485,0.00513541163382052,552,0.969990243348682,0.135140886283442,263.551906347275,
PB2_LUNARLANDER_7,8,5,800,120.437716015629,0.00514004012224578,552,0.969969046633152,0.135097496872062,376.92283987999,
PB2_LUNARLANDER_7,8,6,960,119.961024707141,0.00513541163382052,552,0.969990243348682,0.135140886283442,425.808426380157,
PB2_LUNARLANDER_7,8,7,1120,224.889305584422,0.0030101626932197,310,0.996067002534818,0.503339527759241,492.089673995972,1120
PB2_LUNARLANDER_7,9,1,160,-94.4633484410061,0.00598718395262577,428,0.987616692811611,0.359335274710765,15.4443778991699,
PB2_LUNARLANDER_7,9,2,320,-77.5824063933162,0.00496278699889537,592,0.876378567566396,0.43502205365437,52.6598048210144,
PB2_LUNARLANDER_7,9,3,480,8.37054641561141,0.0052108872413676,865,0.808785905054887,0.069454231097534,114.299009799957,
PB2_LUNARLANDER_7,9,4,640,55.4846510914462,0.00338405224814878,328,0.9931886049999,0.102357926652189,193.101681232452,
PB2_LUNARLANDER_7,9,5,800,123.240443347233,0.01,1024,0.999,0.01,274.763717889786,
PB2_LUNARLANDER_7,9,6,960,227.726111091591,0.0001,1024,0.999,1,322.995361804962,960
PB2_LUNARLANDER_7,10,1,160,-28.6345459797418,0.00400378539485455,467,0.836179245398181,0.293312665510313,16.170371055603,
PB2_LUNARLANDER_7,10,2,320,-22.3081222873891,0.00400378539485455,467,0.836179245398181,0.293312665510313,78.3571321964264,
PB2_LUNARLANDER_7,10,3,480,23.8516263553634,0.01,16,0.8,1,149.26113986969,
PB2_LUNARLANDER_7,10,4,640,75.6004536433958,0.0001,16,0.999,0.01,190.908197641373,
PB2_LUNARLANDER_7,10,5,800,136.967114897727,0.0001,1024,0.999,0.01,246.966909646988,
PB2_LUNARLANDER_7,10,6,960,43.5766932127102,0.0001,16,0.999,0.01,285.875723361969,
PB2_LUNARLANDER_7,10,7,1120,127.495632515034,0.0001,1024,0.999,0.01,383.204312324524,
PB2_LUNARLANDER_7,10,8,1280,213.207883798849,0.0001,1024,0.999,0.01,446.662524461746,1280
PB2_LUNARLANDER_7,11,1,160,-126.678830130023,0.00807298681566058,194,0.978565658608074,0.0516669918990935,19.486257314682,
PB2_LUNARLANDER_7,11,2,320,100.582843959788,0.00915490191861855,149,0.83057243445438,0.228684597897978,92.0933845043182,
PB2_LUNARLANDER_7,11,3,480,104.140611817265,0.00915490191861855,149,0.83057243445438,0.228684597897978,167.550877094269,
PB2_LUNARLANDER_7,11,4,640,34.1786010441403,0.00807298681566058,194,0.978565658608074,0.0516669918990935,247.613460302353,
PB2_LUNARLANDER_7,11,5,800,208.243555342897,0.00807298681566058,194,0.978565658608074,0.0516669918990935,334.946214199066,800
PB2_LUNARLANDER_7,12,1,160,1.76775535691465,0.00752259162704013,937,0.954089785432212,0.217357879181765,20.0286200046539,
PB2_LUNARLANDER_7,12,2,320,28.3886909434857,0.00334193341908616,233,0.828154252251153,0.488765340819496,90.663076877594,
PB2_LUNARLANDER_7,12,3,480,62.6804744735342,0.00386495305741979,49,0.806404776002899,0.361617593919858,131.950644493103,
PB2_LUNARLANDER_7,12,4,640,3.02954475845003,0.0038506802405312,54,0.806944808456107,0.365014297096994,176.925003290176,
PB2_LUNARLANDER_7,12,5,800,75.502699227846,0.0001,16,0.8,1,213.60658621788,
PB2_LUNARLANDER_7,12,6,960,82.2343903205753,0.0001,16,0.998999963031039,1,245.332577943802,
PB2_LUNARLANDER_7,12,7,1120,61.0165025684142,0.00879010657634569,1024,0.998999971188086,0.01,301.015419006348,
PB2_LUNARLANDER_7,12,8,1280,137.40293031082,0.00879010657634569,1024,0.998999971188086,0.01,361.509938716888,
PB2_LUNARLANDER_7,12,9,1440,108.097329937863,0.00879010657634569,1024,0.998999971188086,0.01,425.346522808075,
PB2_LUNARLANDER_7,12,10,1600,152.373518880349,0.00879010657634569,1024,0.998999971188086,0.01,535.621099948883,
PB2_LUNARLANDER_7,12,11,1760,198.718082320573,0.0059033864545823,848,0.988079696761227,0.361690631935284,620.871050834656,
PB2_LUNARLANDER_7,12,12,1920,240.302719975974,0.00578904976031464,190,0.986943140676369,0.305760407119294,668.192682981491,1920
PB2_LUNARLANDER_7,13,1,160,-90.9454237443336,0.0096651136590518,489,0.846051411962175,0.615512262107071,15.4598898887634,
PB2_LUNARLANDER_7,13,2,320,-55.732704401266,0.00878730267996305,25,0.980287574474232,0.283028942809252,40.9490292072296,
PB2_LUNARLANDER_7,13,3,480,-12.6794100955774,0.00878730267996305,25,0.980287574474232,0.283028942809252,87.2698559761047,
PB2_LUNARLANDER_7,13,4,640,159.872556936145,0.00878730267996305,25,0.980287574474232,0.283028942809252,156.097653627396,
PB2_LUNARLANDER_7,13,5,800,216.192871029555,0.00878730267996305,25,0.980287574474232,0.283028942809252,225.897475719452,800
PB2_LUNARLANDER_7,14,1,160,-88.5354426843568,0.00784069821269005,236,0.825569224410431,0.176874968178915,20.8348145484924,
PB2_LUNARLANDER_7,14,2,320,90.9670006980895,0.00784069821269005,236,0.825569224410431,0.176874968178915,62.7287993431091,
PB2_LUNARLANDER_7,14,3,480,-75.3618573878432,0.00407152994393317,581,0.993235748367161,0.572068403680153,118.987441062927,
PB2_LUNARLANDER_7,14,4,640,-55.0961296524611,0.00938480094525878,208,0.846545542527305,0.224819851125999,209.122713327408,
PB2_LUNARLANDER_7,14,5,800,39.0505246957254,0.00407152994393317,581,0.993235748367161,0.572068403680153,309.128483295441,
PB2_LUNARLANDER_7,14,6,960,109.498674156642,0.00939029289634975,198,0.979176257895124,0.478189938496987,361.383969068527,
PB2_LUNARLANDER_7,14,7,1120,4.92336457723477,0.00939029289634975,198,0.979176257895124,0.478189938496987,479.887380361557,
PB2_LUNARLANDER_7,14,8,1280,267.791472261344,0.00788583893372302,39,0.999,0.01,570.069454431534,1280
PB2_LUNARLANDER_8,1,1,160,-98.8717323844893,0.00228166024628701,467,0.952111592649574,0.0249003877481568,14.2084393501282,
PB2_LUNARLANDER_8,1,2,320,0.549224295430724,0.000570847629370164,749,0.866833850118995,0.104353104820079,75.3478121757507,
PB2_LUNARLANDER_8,1,3,480,34.9082783936075,0.0001,439,0.8,1,130.326355695725,
PB2_LUNARLANDER_8,1,4,640,14.8440241058302,0.0055836466077855,582,0.979416111742238,0.432096670504044,166.227901935577,
PB2_LUNARLANDER_8,1,5,800,54.2673991402724,0.0055836466077855,582,0.979416111742238,0.432096670504044,220.994503259659,
PB2_LUNARLANDER_8,1,6,960,87.4277019476212,0.0055836466077855,582,0.979416111742238,0.432096670504044,270.106600761414,
PB2_LUNARLANDER_8,1,7,1120,81.1994126222831,0.00010000029115211,16,0.999,0.905600993644445,344.962988376617,
PB2_LUNARLANDER_8,1,8,1280,179.234268732731,0.0055836466077855,582,0.979416111742238,0.432096670504044,396.984222888947,
PB2_LUNARLANDER_8,1,9,1440,239.286506383491,0.00558530184610532,576,0.992039991189056,0.391069318898708,460.207236528397,1440
PB2_LUNARLANDER_8,2,1,160,-138.362533857611,0.00482331869920159,784,0.80697261265533,0.759781721053682,11.3925137519836,
PB2_LUNARLANDER_8,2,2,320,-53.9229920361898,0.00921247500466916,574,0.948870777400685,0.435688400606071,45.1141061782837,
PB2_LUNARLANDER_8,2,3,480,-60.9349032057957,0.000100000239209902,16,0.950139737024637,0.01,107.584932088852,
PB2_LUNARLANDER_8,2,4,640,28.7950631888599,0.00705687445587417,449,0.829114130830396,0.45201969934728,177.909593820572,
PB2_LUNARLANDER_8,2,5,800,42.6676095831076,0.00351475727858201,202,0.982523598680936,0.930313915920536,219.427095651627,
PB2_LUNARLANDER_8,2,6,960,82.0175950969602,0.00138725906246562,942,0.990878314191207,0.925137245009543,261.568787813187,
PB2_LUNARLANDER_8,2,7,1120,169.080218118463,0.00350289072339142,1024,0.999,0.809133605733913,294.274730205536,
PB2_LUNARLANDER_8,2,8,1280,124.413733942527,0.00426005616461752,765,0.976556902248995,0.263152799775198,351.422509908676,
PB2_LUNARLANDER_8,2,9,1440,158.651714104179,0.00350289072339142,1024,0.999,0.809133605733913,379.188588142395,
PB2_LUNARLANDER_8,2,10,1600,137.109048034407,0.00452641970471148,296,0.96809076157783,0.01,456.817254781723,
PB2_LUNARLANDER_8,2,11,1760,104.218352064073,0.00563360988489224,501,0.999,0.01,501.509609222412,
PB2_LUNARLANDER_8,2,12,1920,245.943882435816,0.00347551648394471,1024,0.999,0.817585748448148,553.675581216812,1920
PB2_LUNARLANDER_8,3,1,160,-67.7719941921688,0.00955342811337356,654,0.866499879679823,0.0502177953089201,15.0293784141541,
PB2_LUNARLANDER_8,3,2,320,-65.0865316145294,0.00552632126041629,258,0.940173140517678,0.37552390913705,83.2790961265564,
PB2_LUNARLANDER_8,3,3,480,-50.4810743271678,0.00552632126041629,258,0.940173140517678,0.37552390913705,130.229452133179,
PB2_LUNARLANDER_8,3,4,640,-17.1518081238909,0.00552632126041629,258,0.940173140517678,0.37552390913705,207.035305261612,
PB2_LUNARLANDER_8,3,5,800,39.63171395092,0.01,1024,0.999,0.01,303.988682508469,
PB2_LUNARLANDER_8,3,6,960,75.340197557033,0.01,1024,0.999,0.01,348.547065019608,
PB2_LUNARLANDER_8,3,7,1120,108.646016201319,0.0001,1024,0.8,1,395.234751701355,
PB2_LUNARLANDER_8,3,8,1280,92.1239208889111,0.0001,1024,0.999,1,429.43248963356,
PB2_LUNARLANDER_8,3,9,1440,-18.2418878391322,0.0001,1024,0.999,1,511.238809108734,
PB2_LUNARLANDER_8,3,10,1600,155.231879008495,0.00188841230691664,931,0.949786883047528,0.730754068355702,530.919004917145,
PB2_LUNARLANDER_8,3,11,1760,98.1714272211798,0.00188841230691664,931,0.949786883047528,0.730754068355702,591.036766767502,
PB2_LUNARLANDER_8,3,12,1920,180.791253900502,0.00188841230691664,931,0.949786883047528,0.730754068355702,613.45707321167,
PB2_LUNARLANDER_8,3,13,2080,118.972591220542,0.0001,1024,0.999,1,652.46565413475,
PB2_LUNARLANDER_8,3,14,2240,106.699273234868,0.00113098533271262,892,0.980353529441252,0.962058709842078,718.985596895218,
PB2_LUNARLANDER_8,3,15,2400,129.314070984512,0.0001,16,0.999,1,743.608147621155,
PB2_LUNARLANDER_8,3,16,2560,113.995163617436,0.01,1024,0.999,1,769.768635988236,
PB2_LUNARLANDER_8,3,17,2720,140.643923400684,0.01,1024,0.999,1,794.809481143951,
PB2_LUNARLANDER_8,3,18,2880,177.269050845365,0.01,1024,0.999,1,819.25067949295,
PB2_LUNARLANDER_8,3,19,3040,149.434775568214,0.0074606346794928,58,0.992472453577275,0.449823009527666,837.02534866333,
PB2_LUNARLANDER_8,3,20,3200,129.486951428211,0.0001,16,0.999,1,865.481509447098,
PB2_LUNARLANDER_8,3,21,3360,20.0869306473725,0.00959746017248378,630,0.966155775012597,0.336755180562188,919.652836561203,
PB2_LUNARLANDER_8,3,22,3520,196.29392163429,0.000933010510858629,945,0.864228046305965,0.893847238919261,953.747770547867,
PB2_LUNARLANDER_8,3,23,3680,36.478461866372,0.00010000097604061,1024,0.999,0.759667497939218,1034.78750252724,
PB2_LUNARLANDER_8,3,24,3840,180.02779961923,0.00500688503313722,1024,0.999,0.01,1126.82716083527,
PB2_LUNARLANDER_8,3,25,4000,215.714234960473,0.00500688503313722,1024,0.999,0.01,1171.77699804306,4000
PB2_LUNARLANDER_8,4,1,160,-71.583085655865,0.00488407221287426,293,0.976032386755559,0.966923473947851,16.8085577487946,
PB2_LUNARLANDER_8,4,2,320,-51.8751837664905,0.00868678985604446,144,0.953364335312912,0.620204126137729,45.6828339099884,
PB2_LUNARLANDER_8,4,3,480,49.7357707806151,0.0099999872398247,872,0.820785957287691,0.616182618006508,78.8550090789795,
PB2_LUNARLANDER_8,4,4,640,153.915148667723,0.000175445411640326,16,0.998999999623386,0.0177128189395875,150.797471046448,
PB2_LUNARLANDER_8,4,5,800,170.223638487997,0.000175445411640326,16,0.998999999623386,0.0177128189395875,239.463817834854,
PB2_LUNARLANDER_8,4,6,960,209.576310658821,0.000175445411640326,16,0.998999999623386,0.0177128189395875,320.452040910721,960
PB2_LUNARLANDER_8,5,1,160,-133.469313551626,0.00827993266098163,50,0.938095260407315,0.103740253305232,13.9598903656006,
PB2_LUNARLANDER_8,5,2,320,-71.033035314445,0.00861583268638159,1018,0.867164777059193,0.225990964403908,64.0277149677277,
PB2_LUNARLANDER_8,5,3,480,-99.9336716213953,0.01,1024,0.999,1,125.303138017654,
PB2_LUNARLANDER_8,5,4,640,-81.5756481370428,0.0001,16,0.999,1,174.553595542908,
PB2_LUNARLANDER_8,5,5,800,50.5654192595497,0.0001,16,0.970142821802475,0.999999991283315,207.461735010147,
PB2_LUNARLANDER_8,5,6,960,45.0272417531257,0.0001,16,0.800536449394363,0.105658687201243,260.049315452576,
PB2_LUNARLANDER_8,5,7,1120,7.43141518428741,0.00226302840809141,16,0.800000006454064,0.01,335.422757863998,
PB2_LUNARLANDER_8,5,8,1280,68.0591963953284,0.00508653491802442,419,0.986943838561822,0.315742607874608,394.228174209595,
PB2_LUNARLANDER_8,5,9,1440,159.661420345703,0.0001,1024,0.999,0.01,466.682804822922,
PB2_LUNARLANDER_8,5,10,1600,208.702291362825,0.00508653491802442,419,0.986943838561822,0.315742607874608,518.035424947739,1600
PB2_LUNARLANDER_8,6,1,160,-103.355253157493,0.00806848331007678,929,0.942165797197274,0.932344063901263,15.3131542205811,
PB2_LUNARLANDER_8,6,2,320,-99.2168794590785,0.00692488683867786,256,0.960415328600365,0.864179484504153,37.1352438926697,
PB2_LUNARLANDER_8,6,3,480,-81.8362057484303,0.00534210343294008,213,0.97784966328951,0.727903302722723,77.7389764785767,
PB2_LUNARLANDER_8,6,4,640,-8.07707143548077,0.00934019953760831,176,0.978480394350265,0.366729390180069,131.18408703804,
PB2_LUNARLANDER_8,6,5,800,136.178680622681,0.00934019953760831,176,0.978480394350265,0.366729390180069,205.046261548996,
PB2_LUNARLANDER_8,6,6,960,208.749444516321,0.00934019953760831,176,0.978480394350265,0.366729390180069,265.668667554855,960
PB2_LUNARLANDER_8,7,1,160,-99.065459359078,0.00661709477133985,393,0.815319363439377,0.52034344990541,18.6901686191559,
PB2_LUNARLANDER_8,7,2,320,-37.8824817630435,0.00661709477133985,393,0.815319363439377,0.52034344990541,49.7756564617157,
PB2_LUNARLANDER_8,7,3,480,74.4371683913936,0.00661709477133985,393,0.815319363439377,0.52034344990541,88.0396122932434,
PB2_LUNARLANDER_8,7,4,640,29.6945873564585,0.00661709477133985,393,0.815319363439377,0.52034344990541,134.747035264969,
PB2_LUNARLANDER_8,7,5,800,140.210135429561,0.0001,16,0.998999999754032,0.01,195.252248287201,
PB2_LUNARLANDER_8,7,6,960,180.954951134377,0.01,1024,0.999,0.01,252.107129335403,
PB2_LUNARLANDER_8,7,7,1120,19.6870073067705,0.00793440194625794,620,0.977829995832352,0.444210765881981,328.019715309143,
PB2_LUNARLANDER_8,7,8,1280,195.310068617229,0.00793440194625794,620,0.977829995832352,0.444210765881981,368.4529774189,
PB2_LUNARLANDER_8,7,9,1440,193.00667924104,0.00793440194625794,620,0.977829995832352,0.444210765881981,411.154237508774,
PB2_LUNARLANDER_8,7,10,1600,221.139453981143,0.00524232247916952,592,0.97867553971231,0.465440868929951,446.555069684982,1600
,,,,,,,,,,
,,,,,,,,,,
Mean: 1489.60  Std Dev: 623.26,,,,,,,,,,
